Thời gian,Tiêu đề,URL,Nội dung,positive,neutral,negative
15/10/2025 00:00,TCB: Nghị quyết HĐQT về việc TCBS tư vấn phát hành trái phiếu TCB năm 2025 lần 20,https://cafef.vn/du-lieu/TCB-2317579/tcb-nghi-quyet-hdqt-ve-viec-tcbs-tu-van-phat-hanh-trai-phieu-tcb-nam-2025-lan-20.chn,,,,
15/10/2025 00:00,TCB: Thông báo quyết định của NHNN về việc sửa đổi nội dung vốn điều lệ tại Giấy phép thành lập và hoạt động của TCB,https://cafef.vn/du-lieu/TCB-2317580/tcb-thong-bao-quyet-dinh-cua-nhnn-ve-viec-sua-doi-noi-dung-von-dieu-le-tai-giay-phep-thanh-lap-va-hoat-dong-cua-tcb.chn,,,,
09/10/2025 00:00,TCB: Nghị quyết HĐQT về việc TCBS tư vấn phát hành trái phiếu TCB năm 2025 lần 19,https://cafef.vn/du-lieu/TCB-2313575/tcb-nghi-quyet-hdqt-ve-viec-tcbs-tu-van-phat-hanh-trai-phieu-tcb-nam-2025-lan-19.chn,,,,
07/10/2025 07:52,"'Đế chế' của ông Phạm Nhật Vượng chỉ có 37,3% nhân sự nữ nhưng các nữ tướng chiếm 59%, ngân hàng là 'thánh địa' của giới nữ ngoại trừ Sacombank",https://cafef.vn/de-che-cua-ong-pham-nhat-vuong-chi-co-373-nhan-su-nu-nhung-cac-nu-tuong-chiem-59-ngan-hang-la-thanh-dia-cua-gioi-nu-ngoai-tru-sacombank-188251007075236181.chn,"Theo Báo cáo thường niên 2024 của 21 doanh nghiệp có giá trị vốn hoá lớn nhất thị trường chứng khoán Việt Nam tại thời điểm 6/10/2025 (bỏ qua ACV và Viettel Global do không công bố cơ cấu lao động), trên tổng quy mô hơn 576.000 nhân sự, cán cân giới tính vẫn nghiêng về phía nam giới khi có 11/21 doanh nghiệp có tỷ lệ nhân sự nam ‘áp đảo’ so với nhân sự nữ, đặc biệt trong các lĩnh vực công nghiệp nặng và công nghệ.
Điển hình như Tập đoàn Hòa Phát (HPG) chỉ có chưa đầy 12% nhân sự là nữ giới, PV GAS (GAS) có 21% hay Vinamilk cũng chỉ có 24,8% nhân sự là nữ... do đặc thù công việc có yêu cầu về sức khỏe thể chất, điều kiện làm việc khắc nghiệt, môi trường làm việc ngoài trời…
Trong khi đó, khối ngân hàng là nơi có đông nhân sự nữ nhất, với tỷ lệ trên dưới 60%. Ngân hàng duy nhất có tỷ lệ nữ dưới 50% là Sacombank (STB) với 48,28%.
Tuy nhiên, khi đi sâu vào cơ cấu lãnh đạo, một ""nghịch lý"" thú vị đã xuất hiện, đặc biệt tại những tập đoàn đa ngành lớn nhất.
Tại Vingroup (VIC), dù lao động nữ chỉ chiếm 37,3% tổng số nhân sự, nhưng lại có đến 59% các vị trí quản lý tại tập đoàn này do phụ nữ nắm giữ. Câu chuyện ""nữ quyền"" tại Vingroup không chỉ thể hiện qua các con số mà còn là một phần trong triết lý dùng người của nhà sáng lập. Các vị trí lãnh đạo cao cấp nhất quanh Chủ tịch Phạm Nhật Vượng, từ tài chính, kinh doanh đến pháp lý, phần lớn đều là các ""nữ tướng"".
Lý giải về điều này, ông Vượng từng chia sẻ trong một buổi nói chuyện trước đây rằng phụ nữ có những thế mạnh đặc biệt ở vai trò quản trị. Ông cho rằng: ""Ở các cương vị như các cấp phó hay các nhà quản trị thì rõ ràng nữ tốt hơn... Ví dụ tài chính kế toán, pháp lý kinh doanh, là thế mạnh của phụ nữ. Cho nên đương nhiên những vị trí đó bao giờ chúng tôi cũng bổ nhiệm phụ nữ.""
Triết lý này đã biến Vingroup thành một ví dụ điển hình cho việc trao quyền cho các lãnh đạo nữ, bất kể tỷ lệ của họ trong tổng thể lực lượng lao động.
Nhưng điều này không diễn ra tại Vinhomes - công ty con phụ trách mảng bất động sản của Vingroup. Vinhomes có 34,2% lao động là nữ, và cũng chỉ có tỷ lệ nữ quản lý là 28,7%.
Ngược lại với Vingroup, tại Masan Group (MSN), dù tỷ lệ nhân sự nữ tới 62,4% nhưng tỷ lệ nữ quản lý chỉ chiếm 43%. Trong khi đó, tại Masan Consumer chứng kiến ‘nữ quyền’ lớn hơn khi tỷ lệ nhân sự nữ chỉ 35,3% nhưng nữ quản lý chiếm gần 43% số cán bộ quản lý.
Về phía các ngân hàng, Sacombank không chỉ có tỷ lệ nữ nhân sự thấp hơn hẳn các ngân hàng khác (dưới 50%) mà tỷ lệ nữ quản lý tại ngân hàng này cũng thấp nhất: 24,1% - con số này còn thấp hơn tại các công ty như Vinamilk, Vinhomes.
Một số ngân hàng có tỷ lệ nữ nhân sự cao, nhưng nữ quản lý lại thấp dưới 50% là LPBank (32,8%), MB (45%) và HDBank (43%).  Điều này cho thấy mặc dù ngành tài chính - ngân hàng thu hút một lượng lớn nhân sự nữ, con đường tiến tới các vị trí lãnh đạo cao nhất của họ vẫn còn nhiều thách thức hơn so với các đồng nghiệp nam.
Nhìn rộng ra toàn thị trường, trong báo cáo ""Giới và thị trường lao động ở Việt Nam"" của Tổ chức Lao động Quốc tế (ILO) năm 2021 cho biết, Việt Nam có tỷ lệ phụ nữ tham gia lực lượng lao động rất cao so với thế giới (trên 70%).
Tuy nhiên, phụ nữ Việt Nam vẫn phải đối mặt với sự bất bình đẳng về cơ hội và gánh vác ""trách nhiệm kép"" khi phải dành thời gian cho công việc không lương tại nhà nhiều hơn nam giới gấp đôi. Điều này ảnh hưởng trực tiếp đến sự phát triển nghề nghiệp của họ. ILO nhấn mạnh rằng dù phụ nữ chiếm gần một nửa lực lượng lao động, họ chỉ đảm nhận khoảng 1/4 các vị trí lãnh đạo, quản lý chung trên toàn thị trường.",0.11284918888448835,0.8775440391415877,0.009606776797672524
07/10/2025 00:00,TCB: Quyết định của HĐQT về việc thay đổi địa điểm PGD Yên Phong,https://cafef.vn/du-lieu/TCB-2311852/tcb-quyet-dinh-cua-hdqt-ve-viec-thay-doi-dia-diem-pgd-yen-phong.chn,,,,
30/09/2025 00:00,TCB: Nghị quyết HĐQT phê duyệt hạn mức tín dụng cho Công ty TNHH Đầu tư BĐS Eurowindow Light City,https://cafef.vn/du-lieu/TCB-2307521/tcb-nghi-quyet-hdqt-phe-duyet-han-muc-tin-dung-cho-cong-ty-tnhh-dau-tu-bds-eurowindow-light-city.chn,,,,
30/09/2025 00:00,TCB: Quyết định của HĐQT về việc thay đổi địa chỉ phòng GD Phan Xích Long,https://cafef.vn/du-lieu/TCB-2307606/tcb-quyet-dinh-cua-hdqt-ve-viec-thay-doi-dia-chi-phong-gd-phan-xich-long.chn,,,,
30/09/2025 00:00,TCB: Nghị quyết HĐQT về việc ký hợp đồng mau thẻ nạp Upoint do OMC cung cấp,https://cafef.vn/du-lieu/TCB-2307668/tcb-nghi-quyet-hdqt-ve-viec-ky-hop-dong-mau-the-nap-upoint-do-omc-cung-cap.chn,,,,
29/09/2025 00:00,TCB: Nghị quyết HĐQT về việc cho Techcom Life mượn trụ sở làm Văn phòng tại Trần Duy Hưng,https://cafef.vn/du-lieu/TCB-2307292/tcb-nghi-quyet-hdqt-ve-viec-cho-techcom-life-muon-tru-so-lam-van-phong-tai-tran-duy-hung.chn,,,,
25/09/2025 00:00,TCB: Nghị quyết HĐQT về việc ký kết thỏa thuận hợp tác toàn điện giữa TCB và Techcom Life,https://cafef.vn/du-lieu/TCB-2303606/tcb-nghi-quyet-hdqt-ve-viec-ky-ket-thoa-thuan-hop-tac-toan-dien-giua-tcb-va-techcom-life.chn,,,,
25/09/2025 00:00,TCB: Nghị quyết HĐQT về việc cấp mới hạn mức PSE cho TCBS,https://cafef.vn/du-lieu/TCB-2303607/tcb-nghi-quyet-hdqt-ve-viec-cap-moi-han-muc-pse-cho-tcbs.chn,,,,
25/09/2025 00:00,TCB: Nghị quyết HĐQT về việc TCBS tư vấn phát hành trái phiếu TCB năm 2025 lần 17,https://cafef.vn/du-lieu/TCB-2304172/tcb-nghi-quyet-hdqt-ve-viec-tcbs-tu-van-phat-hanh-trai-phieu-tcb-nam-2025-lan-17.chn,,,,
25/09/2025 00:00,TCB: Nghị quyết HĐQT về việc TCBS tư vấn phát hành trái phiếu TCB năm 2025 lần 18,https://cafef.vn/du-lieu/TCB-2304189/tcb-nghi-quyet-hdqt-ve-viec-tcbs-tu-van-phat-hanh-trai-phieu-tcb-nam-2025-lan-18.chn,,,,
24/09/2025 00:00,"TCB: 30.9.2025, ngày GDKHQ chi trả cổ tức năm 2024 bằng tiền (1.000 đ/cp)",https://cafef.vn/du-lieu/TCB-2303484/tcb-3092025-ngay-gdkhq-chi-tra-co-tuc-nam-2024-bang-tien-1000-dcp.chn,,,,
18/09/2025 00:00,TCB: Ông Phạm Quang Thắng - Phó Tổng GĐ đã bán 520.000 cp,https://cafef.vn/du-lieu/TCB-2299365/tcb-ong-pham-quang-thang-pho-tong-gd-da-ban-520000-cp.chn,,,,
17/09/2025 00:00,TCB: Quyết định của HĐQT về việc thành lập Chi nhánh Trảng Bom,https://cafef.vn/du-lieu/TCB-2298598/tcb-quyet-dinh-cua-hdqt-ve-viec-thanh-lap-chi-nhanh-trang-bom.chn,,,,
17/09/2025 00:00,TCB: Quyết định của HĐQT về việc thành lập Chi nhánh Việt Yên,https://cafef.vn/du-lieu/TCB-2298599/tcb-quyet-dinh-cua-hdqt-ve-viec-thanh-lap-chi-nhanh-viet-yen.chn,,,,
17/09/2025 00:00,TCB: Quyết định của HĐQT về việc thay đổi địa điểm Chi nhánh Nghệ An,https://cafef.vn/du-lieu/TCB-2298638/tcb-quyet-dinh-cua-hdqt-ve-viec-thay-doi-dia-diem-chi-nhanh-nghe-an.chn,,,,
16/09/2025 00:00,TCB: Nghị quyết HĐQT về việc triển khai phương án chi trả cổ tức năm 2024 bằng tiền,https://cafef.vn/du-lieu/TCB-2298001/tcb-nghi-quyet-hdqt-ve-viec-trien-khai-phuong-an-chi-tra-co-tuc-nam-2024-bang-tien.chn,,,,
15/09/2025 16:56,Techcombank chuẩn bị trả cổ tức bằng tiền mặt,https://cafef.vn/techcombank-chuan-bi-tra-co-tuc-bang-tien-mat-188250915165648313.chn,Ngày đăng ký cuối cùng để thực hiện quyền là 1/10/2025. Ngày thanh toán cổ tức là 22/10/2025.,0.00045770255383104086,0.9980425834655762,0.0014997466932982206
15/09/2025 00:00,"TCB: Quyết định của HĐQT về việc thay đổi chi nhánh quản lý, địa điểm và tên của Phòng GD Nguyễn Chí Thanh",https://cafef.vn/du-lieu/TCB-2296400/tcb-quyet-dinh-cua-hdqt-ve-viec-thay-doi-chi-nhanh-quan-ly-dia-diem-va-ten-cua-phong-gd-nguyen-chi-thanh.chn,,,,
15/09/2025 00:00,TCB: Quyết định của HĐQT về việc thay đổi địa điểm và tên phòng GD Nguyễn Oanh,https://cafef.vn/du-lieu/TCB-2296403/tcb-quyet-dinh-cua-hdqt-ve-viec-thay-doi-dia-diem-va-ten-phong-gd-nguyen-oanh.chn,,,,
12/09/2025 15:23,Techcombank đồng hành cùng SMEs hoàn thiện hệ thống phúc lợi và giữ chân nhân tài,https://cafef.vn/techcombank-dong-hanh-cung-smes-hoan-thien-he-thong-phuc-loi-va-giu-chan-nhan-tai-18825091215241049.chn,"Là ngân hàng tốt nhất Việt Nam do Global Finance bình chọn, Techcombank không ngừng nâng tầm hệ sinh thái tài chính, phục vụ đa dạng nhu cầu của mọi khách hàng. Trong đó, khối doanh nghiệp vừa và nhỏ (SMEs) – chiếm tới 98% tổng số doanh nghiệp đang hoạt động và đóng góp khoảng 45% GDP quốc gia (theo Bộ KH&DT) – luôn được Techcombank ưu tiên.",0.9946821331977844,0.005046534352004528,0.0002712653949856758
12/09/2025 08:11,"Sản phẩm Techcombank Sinh Lời Tự Động giành giải vàng Stevie Awards - ""Oscar"" trong lĩnh vực kinh doanh quốc tế",https://cafef.vn/san-pham-techcombank-sinh-loi-tu-dong-gianh-giai-vang-stevie-awards-oscar-trong-linh-vuc-kinh-doanh-quoc-te-188250916101159515.chn,"Sản phẩm Techcombank Sinh Lời Tự Động 2.0 của Ngân hàng TMCP Kỹ Thương Việt Nam (Techcombank) vừa chính thức giành giải Vàng Stevie® ở Hạng mục Xuất sắc cho Sản phẩm thiết kế lấy khách hàng là trọng tâm. Bên cạnh đó, Techcombank cũng được trao hai giải Đồng Stevie® cho các hạng mục Sản phẩm Ứng dụng AI Xuất sắc nhất và Sản phẩm Dịch vụ Tài chính Xuất sắc.",0.9593271613121033,0.03721574321389198,0.003457116661593318
11/09/2025 00:00,TCB: Nghị quyết HĐQT về việc phê duyệt cấp tín dụng cho Công ty Cổ phần Eurowindow,https://cafef.vn/du-lieu/TCB-2294529/tcb-nghi-quyet-hdqt-ve-viec-phe-duyet-cap-tin-dung-cho-cong-ty-co-phan-eurowindow.chn,,,,
11/09/2025 00:00,TCB: Nghị quyết HĐQT về giao dịch phi tín dụng TCB và Công ty con TCB,https://cafef.vn/du-lieu/TCB-2294531/tcb-nghi-quyet-hdqt-ve-giao-dich-phi-tin-dung-tcb-va-cong-ty-con-tcb.chn,,,,
08/09/2025 08:03,"Rục rịch đưa ""Gà đẻ trứng vàng"" lên sàn, cổ phiếu loạt doanh nghiệp Việt tăng ""bốc đầu""",https://cafef.vn/ruc-rich-dua-ga-de-trung-vang-len-san-co-phieu-loat-doanh-nghiep-viet-tang-boc-dau-188250908080519123.chn,"Việc IPO công ty con không chỉ giúp ""mở khóa"" giá trị của các khoản đầu tư, mà còn tăng tính minh bạch và thu hút sự chú ý của nhà đầu tư, từ đó tạo ra những đợt tăng giá mạnh mẽ cho cổ phiếu công ty mẹ.",0.9980819225311279,0.0012221136130392551,0.0006959661841392517
30/08/2025 13:26,"Techcombank chính thức kết nối với ứng dụng VNeID, hỗ trợ khách hàng nhận tiền an sinh xã hội an toàn và tiện lợi",https://cafef.vn/techcombank-chinh-thuc-ket-noi-voi-ung-dung-vneid-ho-tro-khach-hang-nhan-tien-an-sinh-xa-hoi-an-toan-va-tien-loi-188250830132651567.chn,"Ngân hàng Thương mại Cổ phần Kỹ Thương Việt Nam (Techcombank) chính thức triển khai kết nối với Ứng dụng định danh quốc gia (VNeID), nhằm hỗ trợ khách hàng nhận các khoản chi trả an sinh xã hội một cách nhanh chóng, an toàn và tiện lợi.",0.6155409812927246,0.382477730512619,0.0019812816753983498
28/08/2025 20:11,"Techcombank ghi dấu ấn tại ""Triển lãm thành tựu đất nước""",https://cafef.vn/techcombank-ghi-dau-an-tai-trien-lam-thanh-tuu-dat-nuoc-188250828201140032.chn,"Sáng ngày 28/8, tại Trung tâm Triển lãm Việt Nam, Lễ khai mạc triển lãm thành tựu đất nước với chủ đề ""80 năm Hành trình Độc lập- Tự do- Hạnh phúc"" đã được tổ chức trọng thể. Sự kiện không chỉ tôn vinh chặng đường lịch sử vẻ vang, mà còn lan tỏa lòng yêu nước, niềm tự hào dân tộc, khát vọng vươn mình, khẳng định tiềm lực và vị thế Việt Nam trên con đường đổi mới, hội nhập và phát triển bền vững.",0.9964417815208435,0.0031032480765134096,0.000454930413980037
28/08/2025 00:00,TCB: Thông báo công văn của VSDC về việc điều chỉnh tỷ lệ SHNN tối đa của TCB,https://cafef.vn/du-lieu/TCB-2288139/tcb-thong-bao-cong-van-cua-vsdc-ve-viec-dieu-chinh-ty-le-shnn-toi-da-cua-tcb.chn,,,,
27/08/2025 17:43,Những sự kiện mà “khối yêu nước” không nên bỏ lỡ khi đến với Hà Nội nhân dịp đại lễ 80 năm!,https://cafef.vn/du-lieu/tcb-2283617/nhung-su-kien-ma-khoi-yeu-nuoc-khong-nen-bo-lo-khi-den-voi-ha-noi-nhan-dip-dai-le-80-nam.chn,"Từ trình diễn ánh sáng 3D mapping ""Hà Nội rạng rỡ - Thăng Long hội tụ"", triển lãm Thành tựu Đất nước ""80 năm Hành trình Độc lập - Tự do - Hạnh phúc"", đến việc trang trí sắc cờ đỏ rực rỡ sẵn sàng chờ ""check-in"" tại tòa nhà trụ sở Techcombank, đối với ""khối yêu nước"", đây chắc chắn sẽ là những sự kiện không thể bỏ lỡ, để hiểu và thêm tự hào về lịch sử, văn hóa và những thành tựu mà Việt Nam đã đạt được.",0.999426007270813,0.00020045891869813204,0.00037348829209804535
27/08/2025 11:53,Techcombank nhận bằng khen của Thủ tướng vì đóng góp tích cực trong chương trình an sinh trọng điểm của Quốc gia,https://cafef.vn/du-lieu/tcb-2283298/techcombank-nhan-bang-khen-cua-thu-tuong-vi-dong-gop-tich-cuc-trong-chuong-trinh-an-sinh-trong-diem-cua-quoc-gia.chn,"Ngày 26/8/2025, tại Hội nghị trực tuyến toàn quốc tổng kết Chương trình ""Cả nước chung tay xóa nhà tạm, nhà dột nát trong năm 2025"" do Thủ tướng Chính phủ Phạm Minh Chính chủ trì, Techcombank đã vinh dự được Thủ tướng Chính phủ trao Bằng khen ghi nhận những đóng góp nổi bật trong lĩnh vực an sinh xã hội và phát triển cộng đồng thông qua chương trình ""Cả nước chung tay xóa nhà tạm, nhà dột nát"".",0.9794104099273682,0.017438894137740135,0.0031507438980042934
26/08/2025 10:36,S&P nâng xếp hạng tín nhiệm của Techcombank lên mức BB,https://cafef.vn/du-lieu/tcb-2282268/sp-nang-xep-hang-tin-nhiem-cua-techcombank-len-muc-bb.chn,"Ngày 25/8/2025, S&P Global Ratings công bố nâng xếp hạng tín nhiệm của Ngân hàng Thương mại cổ phần Kỹ thương Việt Nam (Mã chứng khoán: TCB) lên mức BB, khẳng định vị thế ngân hàng thương mại cổ phần tư nhân với nền tảng vốn và lợi nhuận bền vững cao hàng đầu Việt Nam.",0.9413334131240845,0.057812757790088654,0.0008538515539839864
22/08/2025 00:02,Công ty đứng sau sản phẩm sinh lời tự động mới của Techcombank,https://cafef.vn/du-lieu/tcb-2279791/cong-ty-dung-sau-san-pham-sinh-loi-tu-dong-moi-cua-techcombank.chn,"Năm nay, Techcombank giới thiệu Sinh lời tự động phiên bản 2.0, lãi suất sinh lời lên đến 4,4%/năm. Ngân hàng cho biết đây là sản phẩm hợp tác với Công ty Cổ phần WealthCraft.",0.9266173839569092,0.06686181575059891,0.006520754657685757
20/08/2025 00:05,Lần đầu tiên trong lịch sử Việt Nam có 10 ngân hàng vốn hóa trên 100.000 tỷ,https://cafef.vn/du-lieu/tcb-2293878/lan-dau-tien-trong-lich-su-viet-nam-co-10-ngan-hang-von-hoa-tren-100000-ty.chn,"Các cổ phiếu ngân hàng, đặc biệt là nhóm tư nhân đã trỗi dậy mạnh mẽ với mức tăng hàng chục % trong thời gian ngắn.",0.9871262907981873,0.009635626338422298,0.003238099394366145
19/08/2025 10:30,Techcombank đồng hành cùng chuỗi sự kiện đặc biệt kỷ niệm 80 năm Cách mạng Tháng Tám và Quốc khánh 2/9,https://cafef.vn/du-lieu/tcb-2277247/techcombank-dong-hanh-cung-chuoi-su-kien-dac-biet-ky-niem-80-nam-cach-mang-thang-tam-va-quoc-khanh-29.chn,"Trong không khí tự hào hướng tới kỷ niệm 80 năm Cách mạng Tháng Tám và Quốc khánh 2/9 (1945–2025), Techcombank hân hạnh đồng hành lan tỏa tinh thần tự hào dân tộc, cùng hướng tới tương lai rạng rỡ thông qua chuỗi kiện văn hóa – nghệ thuật tầm cỡ: V Concert - Rạng rỡ Việt Nam, V Fest - Thanh xuân rực rỡ, Triển lãm Thành tựu Đất nước chủ đề “80 năm Hành trình Độc lập - Tự do - Hạnh phúc và buổi trình diễn 3D mapping “Hà Nội rạng rỡ”.",0.9955957531929016,0.003547766711562872,0.0008564999443478882
18/08/2025 08:08,"Công bố 100 doanh nghiệp tư nhân nộp ngân sách lớn nhất Việt Nam: Tổng nộp 244.400 tỷ đồng, 48 đơn vị nộp trên nghìn tỷ",https://cafef.vn/du-lieu/tcb-2275093/cong-bo-100-doanh-nghiep-tu-nhan-nop-ngan-sach-lon-nhat-viet-nam-tong-nop-244400-ty-dong-48-don-vi-nop-tren-nghin-ty.chn,"Sau lần đầu tiên công bố đầu tiên vào tháng 8/2024 đã nhận được sự quan tâm rộng rãi của đông đảo các doanh nghiệp và doanh nhân, ngày 18/8/2025, CafeF chính thức công bố danh sách PRVIATE 100 năm 2025, vinh danh các doanh nghiệp tư nhân nộp ngân sách lớn nhất Việt Nam.
PRIVATE 100 cùng với VNTAX 200 nằm trong hệ thống vinh danh CafeF Lists, tôn vinh các doanh nghiệp có đóng góp ngân sách lớn nhất cho Việt Nam, ghi nhận vai trò quan trọng của các doanh nghiệp này trong công cuộc phát triển kinh tế và tinh thần phụng sự xã hội.
Trong đó, VNTAX 200 là danh sách quy tụ tất cả các doanh nghiệp có mức nộp ngân sách trong năm tài chính từ 200 tỷ đồng trở lên (bao gồm cả các doanh nghiệp nhà nước, tư nhân, FDI, liên doanh). Còn PRIVATE 100 là danh sách dành riêng cho khối doanh nghiệp tư nhân với mức nộp ngân sách từ 100 tỷ đồng trở lên.
Với tổng cộng hàng trăm nghìn tỷ đồng đóng góp từ các doanh nghiệp hàng đầu, đây là bảng vinh danh nộp ngân sách duy nhất phản ánh toàn diện mức độ đóng góp của doanh nghiệp trên mọi lĩnh vực kinh tế.
Danh sách VNTAX 200 sẽ được công bố sau đây 1 tuần.
Mười cái tên dẫn đầu đều là những tập đoàn tư nhân quen thuộc, với một nửa trong số đó là doanh nghiệp của các tỷ phú đô la trong danh sách gồm Vingroup, THACO, Hòa Phát, Techcombank và Masan Group.
Để đứng trong trong Top10, các doanh nghiệp phải có số nộp ngân sách từ 4.800 tỷ đồng trở lên. Có 4 doanh nghiệp nộp trên 10.000 tỷ đồng gồm Vingroup, THACO, TC Group và Hòa Phát. Đây đều là 4 tập đoàn tư nhân đa ngành.
Trong đó, Vingroup đã công bố 5 lĩnh vực trụ cột là công nghệ - công nghiệp (sản xuất ô tô điện, xe máy điện, robot, AI…), thương mại dịch vụ (bất động sản, du lịch – vui chơi giải trí), thiện nguyện xã hội (y tế, giáo dục, chương trình thúc đẩy giao thông xanh), hạ tầng (đường sắt tốc độ cao, cầu, bến cảng, logistics…), năng lượng xanh (dự án năng lượng mặt trời, năng lượng gió…).
Một điểm thú vị là cả 3 đơn vị đứng đầu đều có những đơn vị chủ chốt trong ngành ô tô Việt Nam: Vingroup có VinFast hiện đang đứng số 1 thị trường về doanh số bán xe ô tô, trong khi THACO và TC Group chủ yếu sản xuất, phân phối các thương hiệu xe nước ngoài.
Tập đoàn công nghệ FPT ở vị trí thứ 5. Bốn vị trí tiếp theo đều là các ngân hàng gồm Techcombank, HDBank, VPBank và ACB; ở vị trí thứ 10 là Masan Group.
Tổng cộng 10 doanh nghiệp dẫn đầu của danh sách Private 100 đã nộp ngân sách tổng cộng gần 148.000 tỷ đồng trong năm 2024, tăng 36% so với tổng nộp gần 109.000 tỷ đồng của năm trước.
Mức tăng trưởng ấn tượng này có sự đóng góp đáng kể của Vingroup với mức nộp tăng 82% từ 30.900 tỷ lên 56.200 tỷ đồng. Hòa Phát, HDBank cũng là những đơn vị có mức tăng trưởng ấn tượng lần lượt là 48% và 101% so với năm trước.
Theo danh sách đã được chốt, 100 doanh nghiệp dẫn đầu của PRIVATE 100 có tổng nộp ngân sách năm 2024 đạt 244.400 tỷ đồng – tăng hơn 70.000 tỷ với danh sách của năm trước. Doanh nghiệp thấp nhất có mức nộp hơn 321 tỷ đồng.
Nửa trên của danh sách, bao gồm 48 doanh nghiệp là những đơn vị có mức nộp đạt trên 1.000 tỷ đồng – tăng đáng kể so với chỉ 30 doanh nghiệp của danh sách năm trước.
Mức độ chênh lệch giữa số nộp của các doanh nghiệp tốp đầu với phía sau là rất lớn: Trong đó 4 doanh nghiệp đứng đầu có tổng mức nộp chiếm 45%; 6 doanh nghiệp còn lại của Top 10 chiếm 16%. 50 doanh nghiệp ở nửa cuối danh sách chỉ chiếm hơn 10% tổng mức nộp của Top 100.
Bất động sản – xây dựng là lĩnh vực đóng góp lớn nhất vào tổng mức nộp của Top100 doanh nghiệp trong danh sách PRIVATE 100 với số nộp khoảng 65.000 tỷ đồng.
Trong đó, Vinhomes (bao gồm số nộp từ dự án Vinhomes Global Gate) - công ty thành viên của Vingroup trong lĩnh vực phát triển bất đồn sản - đã nộp 40.100 tỷ đồng trong năm ngoái. Trong danh sách Top 20 công ty bất động sản tư nhân nộp ngân sách lớn nhất đã được công bố ngày 4/8, có 13 doanh nghiệp đã nộp ngân sách trên 1.000 tỷ đồng, với sự góp mặt của nhiều đơn vị tên tuổi khác như Tập đoàn Nam Long, BIM Group…
Các doanh nghiệp xây dựng thuần túy thường không có mức nộp lớn trừ khi có mức nộp bất thường từ nộp thuế đất hoặc kinh doanh dự án bất động sản. Dù vậy với vị thế là một trong những đơn vị đứng đầu ngành xây dựng, CTCP Xây dựng Coteccons cũng đã nộp ngân sách gần 300 tỷ đồng trong năm tài chính kết thúc ngày 30/6/2024.
Nhóm Ngân hàng tư nhân có tổng cộng 16 đại diện trong Top 100 với tổng nộp đạt gần 46.300 tỷ đồng. Bốn ngân hàng dẫn đầu với mức nộp trên 5.000 tỷ đồng gồm Techcombank, HDBank, VPBank và ACB cũng đồng thời đứng trong Top10 của PRIVATE 100. TPBank cũng ghi dấu với việc 2 năm liên tiếp có mức nộp ngân sách trên 2.000 tỷ đồng.
Ngành thép, dù chỉ với 3 đại diện trong Top 100 gồm Tập đoàn Hòa Phát, Tập đoàn Hoa Sen và Nam Kim nhưng có mức đóng góp khá lớn lên đến 16.200 tỷ đồng. Năm ngoái, mức nộp ngân sách của Tập đoàn Hoa Sen đã tăng gần 60% lên hơn 1.600 tỷ đồng.
Lĩnh vực hàng tiêu dùng – bán lẻ cũng là một trong những nhóm ngành đáng chú ý với số lượng đông đảo gần đóng góp hơn 25.500 tỷ đồng. Trong đó tập đoàn tiêu dùng - bán lẻ Masan đóng góp hơn 4.800 tỷ đồng.
Các doanh nghiệp ngành sữa đóng góp 6.600 tỷ, chủ yếu đến từ Vinamilk với gần 4.600 tỷ và Sữa Quốc tế LOF với gần 800 tỷ đồng.
Cả 2 doanh nghiệp hàng đầu lĩnh vực bán lẻ trang sức là CTCP Vàng bạc Đá quý Phú Nhuận (PNJ) và CTCP Tập đoàn vàng bạc đá quý DOJI cũng tiếp tục là những cái tên đóng góp ngân sách hàng đầu của ngành bán lẻ với mức nộp hàng tỷ đồng mỗi năm. PNJ ghi nhận bốn năm liên tiếp nộp ngân sách trên 1.000 tỷ đồng. Hai đại diện của lĩnh vực phân phối ô tô là Tasco và Vimid cũng góp mặt trong danh sách.
Lĩnh vực chứng khoán cũng ghi nhận số lượng đông đảo với 10 doanh nghiệp trong danh sách PRIVATE 100 với ba doanh nghiệp dẫn đầu có số nộp trên 1.000 tỷ gồm VPS, TCBS và SSI.
Lĩnh vực công nghệ dù số lượng công ty tư nhân lớn khá khiêm tốn nhưng cũng đã có 3 đại diện là FPT, VNG Group và CMC Group. VNG Group đã ghi nhận ba năm liên tiếp nộp ngân sách trên 1.000 tỷ đồng.
Bên cạnh những lĩnh vực lớn trên, danh sách PRIVATE 100 còn có sự hiện diện của các doanh nghiệp đến từ hầu hết các lĩnh vực quan trọng trong nền kinh tế.",0.473535017401697,0.5106220221104426,0.01584295900582731
18/08/2025 00:00,TCB: Ông Phạm Quang Thắng - Phó Tổng GĐ đăng ký bán 600.000 cp,https://cafef.vn/du-lieu/tcb-2277532/tcb-ong-pham-quang-thang-pho-tong-gd-dang-ky-ban-600000-cp.chn,,,,
12/08/2025 00:00,TCB: Nghị quyết HĐQT thông qua hợp đồng giao dịch thuộc nghiệp vụ phi tín dụng giữa TCB và CTCP Tập đoàn Masan,https://cafef.vn/du-lieu/tcb-2269593/tcb-nghi-quyet-hdqt-thong-qua-hop-dong-giao-dich-thuoc-nghiep-vu-phi-tin-dung-giua-tcb-va-ctcp-tap-doan-masan.chn,,,,
12/08/2025 00:00,TCB: Nghị quyết HĐQT thông qua hợp đồng giao dịch thuộc nghiệp vụ phi tín dụng giữa TCB và ông Jens Lottner,https://cafef.vn/du-lieu/tcb-2269595/tcb-nghi-quyet-hdqt-thong-qua-hop-dong-giao-dich-thuoc-nghiep-vu-phi-tin-dung-giua-tcb-va-ong-jens-lottner.chn,,,,
12/08/2025 00:00,TCB: Thông báo thay đổi nhân sự,https://cafef.vn/du-lieu/tcb-2269665/tcb-thong-bao-thay-doi-nhan-su.chn,,,,
11/08/2025 16:09,Tiến sỹ Jens Lottner tiếp tục làm Tổng giám đốc Techcombank trong giai đoạn 2025-2030,https://cafef.vn/du-lieu/tcb-2267810/tien-sy-jens-lottner-tiep-tuc-lam-tong-giam-doc-techcombank-trong-giai-doan-20252030.chn,"Hội đồng Quản trị Ngân hàng TMCP Kỹ Thương (Techcombank) vừa chính thức công bố Quyết định bổ nhiệm Tiến sỹ Jens Lottner tiếp tục đảm nhiệm vị trí Tổng Giám đốc Techcombank cho nhiệm kỳ thứ hai, giai đoạn 2025 đến 2030. Quyết định này có hiệu lực kể từ ngày 18/08/2025 sau khi được Ngân hàng Nhà nước chấp thuận theo Công văn số 6605/NHNN-QLGS ký ngày 30/07/2025.",0.022766733542084694,0.9767310619354248,0.000502150331158191
11/08/2025 00:00,TCB: Quyết định của HĐQT tái bổ nhiệm ông Jens Lottner giữ chức Tổng Giám đốc nhiệm kỳ 2025-2030,https://cafef.vn/du-lieu/tcb-2269490/tcb-quyet-dinh-cua-hdqt-tai-bo-nhiem-ong-jens-lottner-giu-chuc-tong-giam-doc-nhiem-ky-20252030.chn,,,,
07/08/2025 00:00,TCB: Số lượng cổ phiếu có quyền biểu quyết đang lưu hành là 7.086.240.414 cp,https://cafef.vn/du-lieu/tcb-2268478/tcb-so-luong-co-phieu-co-quyen-bieu-quyet-dang-luu-hanh-la-7086240414-cp.chn,,,,
07/08/2025 00:00,TCB: Đã phát hành 21.388.675 cổ phiếu ESOP,https://cafef.vn/du-lieu/tcb-2268480/tcb-da-phat-hanh-21388675-co-phieu-esop.chn,,,,
05/08/2025 16:55,Techcombank cam kết cơ hội làm việc và tạo điều kiện để nhân tài trở thành “triệu phú USD dưới 30 tuổi”,https://cafef.vn/du-lieu/tcb-2263786/techcombank-cam-ket-co-hoi-lam-viec-va-tao-dieu-kien-de-nhan-tai-tro-thanh-trieu-phu-usd-duoi-30-tuoi.chn,Techcombank đang đặt mục tiêu trở thành đơn vị đầu tiên tại Việt Nam ứng dụng AI một cách toàn diện trong hoạt động ngân hàng.,0.9841242432594299,0.014823158271610737,0.0010525442194193602
05/08/2025 11:31,Cổ phiếu của các tỷ phú USD Việt Nam đồng loạt có 'biến',https://cafef.vn/du-lieu/tcb-2263446/co-phieu-cua-cac-ty-phu-usd-viet-nam-dong-loat-co-bien.chn,"Trên bảng xếp hạng thời gian thực của Forbes, tài sản của tỷ phú Phạm Nhật Vượng đã tăng thêm 1,2 tỷ USD lên mức 12,3 tỷ USD, xếp hạng 217 người giàu nhất thế giới.",0.9144043326377869,0.08240225166082382,0.0031933793798089027
05/08/2025 08:00,"Rời FMCG để đầu quân về Techcombank, CMO người Việt Nam duy nhất lọt vào danh sách Top 50 CMOs APAC Power List - 2 năm liên tiếp",https://cafef.vn/du-lieu/tcb-2263206/roi-fmcg-de-dau-quan-ve-techcombank-cmo-nguoi-viet-nam-duy-nhat-lot-vao-danh-sach-top-50-cmos-apac-power-list-2-nam-lien-tiep.chn,,,,
05/08/2025 00:00,TCB: Nghị quyết HĐQT về việc phê duyệt giao dịch PSE cho MSN,https://cafef.vn/du-lieu/tcb-2268371/tcb-nghi-quyet-hdqt-ve-viec-phe-duyet-giao-dich-pse-cho-msn.chn,,,,
05/08/2025 00:00,TCB: Nghị quyết HĐQT về việc phê duyệt giao dịch PSE cho The Sherpa,https://cafef.vn/du-lieu/tcb-2268372/tcb-nghi-quyet-hdqt-ve-viec-phe-duyet-giao-dich-pse-cho-the-sherpa.chn,,,,
04/08/2025 00:00,TCB: Nghị quyết HĐQT về việc phê duyệt cấp hạn mức tín dụng cho NPM và MTC,https://cafef.vn/du-lieu/tcb-2267840/tcb-nghi-quyet-hdqt-ve-viec-phe-duyet-cap-han-muc-tin-dung-cho-npm-va-mtc.chn,,,,
04/08/2025 00:00,TCB: Nghị quyết HĐQT về việc cấp bảo lãnh cho Masan Brewery HG,https://cafef.vn/du-lieu/tcb-2267842/tcb-nghi-quyet-hdqt-ve-viec-cap-bao-lanh-cho-masan-brewery-hg.chn,,,,
04/08/2025 00:00,TCB: Nghị quyết HĐQT về việc cấp bảo lãnh cho CTCP Hàng tiêu dùng Masan,https://cafef.vn/du-lieu/tcb-2267843/tcb-nghi-quyet-hdqt-ve-viec-cap-bao-lanh-cho-ctcp-hang-tieu-dung-masan.chn,,,,
02/08/2025 09:13,"20 doanh nghiệp niêm yết lãi lớn nhất 6T2025: 60% là ngân hàng, 15% là bất động sản, chỉ có 1 DN sản xuất",https://cafef.vn/du-lieu/tcb-2261366/20-doanh-nghiep-niem-yet-lai-lon-nhat-6t2025-60-la-ngan-hang-15-la-bat-dong-san-chi-co-1-dn-san-xuat.chn,"Khép lại 6 tháng đầu năm 2025, bức tranh lợi nhuận của các doanh nghiệp niêm yết đã có những điểm sáng đáng chú ý.
Ngành ngân hàng tiếp tục khẳng định vị thế khi có nhiều cái tên lọt vào top đầu. Cụ thể, có tới 7 ngân hàng trong top 10 và 12 ngân hàng trong top 20.
Với mức lãi trước thuế đạt 21.894 tỷ đồng, tăng 5% so với cùng kỳ năm ngoái, Vietcombank tiếp tục dẫn đầu lợi nhuận khối ngân hàng và giữ vị trí quán quân trên bảng xếp hạng.
VietinBank tăng 46%, lợi nhuận trước thuế đạt 18.920 tỷ đồng. Chỉ tính riêng quý 2, lợi nhuận trước thuế của VietinBank tăng 79% đạt 12.097 tỷ đồng, vượt qua Vietcombank là ngân hàng lãi lớn nhất quý.
Ngân hàng có mức tăng tốt nhất trong 6 tháng đầu năm là SeABank với 81%.
Bên cạnh đó, những gương mặt quen thuộc khác trong khối ngân hàng vẫn xuất hiện trên bảng xếp hạng: BIDV, MBBank, Techcombank...
Đứng ở vị trí á quân của 6 tháng 2025 là doanh nghiệp của tỷ phú Phạm Nhật Vượng -  CTCP Trung tâm Hội chợ Triển lãm Việt Nam (VEFAC, VEF) với mức tăng trưởng vượt trội 8.341%. Nguyên nhân chủ yếu nhờ vào việc chuyển nhượng một phần Dự án Vinhomes Global Gate trong quý 1.
Cụ thể, vào ngày 12/3, ﻿VEFAC đã đã nhận được Quyết định của UBND Thành phố Hà Nội cho phép chuyển nhượng một phần Dự án Vinhomes Global Gate cho CTCP Thời đại mới T&T. Doanh thu từ chuyển nhượng một phần dự án Vinhomes Global Gate là 44.560 tỷ đồng.
Lợi nhuận trước thuế của VinHomes là 12,945 tỷ đồng, giảm 5% so với cùng kỳ 2024 nhưng vẫn xếp ở vị trí thứ 5 trên bảng xếp hạng.
Doanh nghiệp còn lại trong top 10 là Vingroup (VIC) với lợi nhuận trước thuế đạt 11.044 tỷ đồng, mức tăng trưởng 68%.
PV Gas ghi nhận lợi nhuận trước thuế trong 6 tháng đầu năm đạt 9.410 tỷ đồng, xếp thứ 13 trong bảng xếp hạng.
Vua thép Hòa Phát (HPG) đứng vị trí thứ 15 với lợi nhuận trước thuế được ghi nhận là 8.812 tỷ đồng, tăng 26%.
Ông trùm sân bay ACV đứng thứ 18 với lợi nhuận trước thuế là 7.078 tỷ đồng.
Vietnam Airlines (HVN) ghi nhận lãi trước thuế 6.683 tỷ đồng, tăng 19% so với cùng kỳ và đứng vị trí thứ 19. Theo sau đó là FPT ở vị trí thứ 20 với mức lãi trước thuế 6.166 tỷ đồng, tăng 19%.",0.6232932987647383,0.37568474514654554,0.0010219432043332456
01/08/2025 08:00,"Techcombank - One Mount luân chuyển lãnh đạo, tối ưu sức mạnh hệ sinh thái",https://cafef.vn/du-lieu/tcb-2260461/techcombank-one-mount-luan-chuyen-lanh-dao-toi-uu-suc-manh-he-sinh-thai.chn,"Từ ngày 01/08/2025, hệ sinh thái (HST) Techcombank - One Mount - Masterise Group thực hiện việc luân chuyển lãnh đạo cấp cao. Đây là bước đi chiến lược nhằm phát huy trụ cột nhân tài, tối ưu hóa sức mạnh tổng hợp giữa tài chính và công nghệ, khẳng định mạnh mẽ cam kết đồng hành của hệ sinh thái trong hành trình chuyển đổi số quốc gia.",0.9952805638313293,0.004085665103048086,0.0006337169324979186
01/08/2025 00:00,TCB: Nghị quyết HĐQT về việc xử lý cổ phiếu chưa phân phối hết,https://cafef.vn/du-lieu/tcb-2267481/tcb-nghi-quyet-hdqt-ve-viec-xu-ly-co-phieu-chua-phan-phoi-het.chn,,,,
31/07/2025 17:55,TCB: Quyết định của HĐQT về việc thay đổi địa điểm phòng GD Lê Hồng Phong,https://cafef.vn/du-lieu/tcb-2260145/tcb-quyet-dinh-cua-hdqt-ve-viec-thay-doi-dia-diem-phong-gd-le-hong-phong.chn,,,,
30/07/2025 12:07,"Techcombank tham gia mảng bảo hiểm nhân thọ, liệu ""ông lớn"" ngành ngân hàng có tạo nên những khác biệt như Zero Fee hay Sinh Lời Tự Động?",https://cafef.vn/du-lieu/tcb-2258075/techcombank-tham-gia-mang-bao-hiem-nhan-tho-lieu-ong-lon-nganh-ngan-hang-co-tao-nen-nhung-khac-biet-nhu-zero-fee-hay-sinh-loi-tu-dong.chn,Techcombank bỏ “bán thuê” để chính thức xây dựng giải pháp bảo hiểm nhân thọ “may đo” cho người Việt!,0.6870325803756714,0.09355824440717697,0.21940919756889343
30/07/2025 11:56,"Techcombank được vinh danh ""Ngân hàng bán lẻ nội địa tốt nhất Việt Nam 2025"" năm thứ 4 liên tiếp",https://cafef.vn/du-lieu/tcb-2258057/techcombank-duoc-vinh-danh-ngan-hang-ban-le-noi-dia-tot-nhat-viet-nam-2025-nam-thu-4-lien-tiep.chn,"Ngân hàng TMCP Kỹ thương Việt Nam (Techcombank) vừa được Tạp chí tài chính Asian Banking & Finance (ABF) vinh danh là “Ngân hàng bán lẻ nội địa tốt nhất Việt Nam 2025” (Best Domestic Retail Banking in Vietnam) tại Lễ trao giải Retail Banking Awards 2025. Đây là năm thứ tư liên tiếp Techcombank được trao giải thưởng danh giá này từ ABF, ghi nhận những dấu ấn thành công của ngân hàng trong đổi mới sản phẩm, chuyển đổi số, trải nghiệm khách hàng và cam kết phát triển bền vững.",0.9969991445541382,0.002624169923365116,0.00037680071545764804
30/07/2025 00:00,TCB: Ông Alexandre Charles Emmanuel Macaire - Giám đốc Tài chính đã mua 682.109 cp,https://cafef.vn/du-lieu/tcb-2265206/tcb-ong-alexandre-charles-emmanuel-macaire-giam-doc-tai-chinh-da-mua-682109-cp.chn,,,,
