title,url,content
,https://baomoi.com/doanh-nhan-tran-dinh-long-y-chi-thep-vung-buoc-cung-non-song-c53150080.epi,
,https://baomoi.com/hoa-phat-chi-14-000-ty-dong-bat-tay-sieu-du-an-67-ty-usd-c53115060.epi,
,https://baomoi.com/tai-thiet-nganh-duong-sat-bai-cuoi-doanh-nghiep-tu-nhan-san-sang-vao-cuoc-c53018554.epi,
,https://baomoi.com/tap-doan-hoa-phat-khai-lo-thoi-so-2-dung-quat-2-da-san-sang-c52974670.epi,
,https://baomoi.com/hoa-phat-hpg-khai-lo-thoi-so-2-dung-quat-2-se-hoan-thanh-vao-thang-9-c52971783.epi,
,https://baomoi.com/hoa-phat-hpg-khai-lo-thoi-so-2-dung-quat-2-da-san-sang-c52970308.epi,
,https://baomoi.com/hoa-phat-se-san-xuat-ray-duong-sat-sau-1-nam-nua-c52878403.epi,
,https://baomoi.com/chap-thuan-du-an-san-xuat-ray-duong-sat-toc-do-cao-10-000-ty-dong-tai-dung-quat-c52867711.epi,
,https://baomoi.com/du-an-san-xuat-ray-va-thep-dac-biet-tao-dong-luc-tang-truong-kinh-te-quang-ngai-c52866775.epi,
,https://baomoi.com/hoa-phat-co-quy-lai-cao-nhat-trong-3-nam-sap-khoi-cong-nha-may-ray-thep-c52940205.epi,
,https://baomoi.com/du-an-duong-sat-toc-do-cao-bac-nam-bai-kiem-tra-voi-doanh-nghiep-viet-c52708614.epi,
,https://baomoi.com/dinh-moi-tai-lap-sau-hon-3-nam-tai-san-ty-phu-pham-nhat-vuong-tran-dinh-long-but-pha-c52691611.epi,
,https://baomoi.com/phat-trien-duong-sat-toc-do-cao-khang-dinh-vai-tro-cua-doanh-nghiep-tu-nhan-c52563423.epi,
,https://baomoi.com/hoa-phat-lam-ray-thep-khong-tham-gia-dau-tu-duong-sat-cao-toc-c52412809.epi,
,https://baomoi.com/ong-trump-tang-gap-doi-thue-thep-chien-luoc-moi-cua-ty-phu-tran-dinh-long-dang-hop-thoi-c52402061.epi,
,https://baomoi.com/hoa-phat-va-canh-bac-ty-do-tu-thep-ray-cao-toc-co-hoi-hoa-ong-trum-ha-tang-c52400322.epi,
,https://baomoi.com/tong-hop-tin-doanh-nhan-trong-tuan-26-1-6-c52379074.epi,
,https://baomoi.com/san-pham-ray-cao-toc-dau-tien-cua-hoa-phat-ra-doi-vao-quy-i-2027-c52371840.epi,
,https://baomoi.com/hoa-phat-se-xuat-xuong-thep-ray-cao-toc-tu-nam-2027-c52364362.epi,
,https://baomoi.com/hoa-phat-lap-day-chuyen-chau-au-tinh-xuat-xuong-thep-ray-cao-toc-tu-2027-c52364059.epi,
,https://baomoi.com/ray-duong-sat-toc-do-cao-du-kien-xuat-xuong-trong-quy-i-2027-c52363997.epi,
,https://baomoi.com/chu-tich-hoa-phat-du-an-duong-sat-cao-toc-bac-nam-la-co-hoi-nghin-nam-co-mot-c52364104.epi,
,https://baomoi.com/ty-phu-tran-dinh-long-duong-sat-toc-do-cao-la-co-hoi-nghin-nam-co-mot-cho-nganh-san-xuat-cong-nghiep-trong-nuoc-c52363493.epi,
,https://baomoi.com/ty-phu-tran-dinh-long-hoa-phat-khong-tham-gia-dau-tu-duong-sat-toc-do-cao-chi-tap-trung-lam-thep-c52362596.epi,
,https://baomoi.com/mua-day-chuyen-san-xuat-thep-ray-cao-toc-hoa-phat-tinh-quy-i-2027-ra-thanh-pham-dau-tien-c52362608.epi,
,https://baomoi.com/doanh-nghiep-viet-bat-tay-voi-doi-tac-duc-san-xuat-ray-tau-cao-toc-c52362496.epi,
