Thời gian,Tiêu đề,URL,Nội dung
2025-09-16 15:23:00,"Hoá chất Đức Giang (DGC) tăng vốn cho 'quả đấm thép' ở Nghi Sơn lên 2.900 tỷ, 50% sản lượng có đối tác bao tiêu",https://cafef.vn/hoa-chat-duc-giang-dgc-tang-von-cho-qua-dam-thep-o-nghi-son-len-2900-ty-50-san-luong-co-doi-tac-bao-tieu-188250916152314367.chn,"HĐQT CTCP Tập đoàn Hóa chất Đức Giang vừa thông qua nghị quyết điều chỉnh Giấy chứng nhận đăng ký đầu tư cho dự án số 1 tại Tổ hợp Hóa chất Đức Giang Nghi Sơn. Theo đó, tổng vốn đầu tư được nâng từ 2.400 tỷ lên 2.900 tỷ đồng, đồng thời bổ sung các sản phẩm mới cho giai đoạn 2 của nhà máy
CTCP Tập đoàn Hóa chất Đức Giang (DGC)
Dự án số 1 là một phần trong đại dự án tổ hợp hóa chất Đức Giang Nghi Sơn có tổng vốn đầu tư lên tới 12.000 tỷ đồng, được chia làm 3 phân kỳ. Trên quy mô 30ha tại Khu kinh tế Nghi Sơn (Thanh Hóa), dự án này đã được khởi công vào ngày 17/2 vừa qua.
Tổ hợp Hoá chất Nghi Sơn Đức Giang  được xây dựng tại Khu kinh tế Nghi Sơn, tỉnh Thanh Hóa.
Trong một động thái mới nhất vào ngày 15/9/2025, HĐQT Hóa chất Đức Giang đã phê duyệt một loạt thay đổi quan trọng cho dự án. Lý do cho việc mở rộng được Công ty đưa ra là do nhu cầu thị trường đối với các loại hóa chất như Kali Sunfat (K2SO4), H2O2, và đặc biệt là ắc quy bình đang ở mức cao.
Cụ thể, dự án sẽ được mở rộng thêm giai đoạn 2, bổ sung công suất thiết kế 75.500 tấn hóa chất/năm và sản phẩm ắc quy bình. Các sản phẩm mới bao gồm Kali Sunfat (20.000 tấn/năm), H2O2 (15.000 tấn/năm), hóa chất tinh khiết cơ bản (500 tấn/năm) và ắc quy bình (2.000.000 kWh/năm, tương đương 40.000 tấn/năm). Để thực hiện giai đoạn 2, DGC đã điều chỉnh tổng vốn đầu tư cho cả hai giai đoạn lên 2.900 tỷ đồng , tăng 500 tỷ đồng so với kế hoạch ban đầu.
Sản phẩm DGC tại Triễn lãm Thành Tựu 2025. Ảnh DGC
Về mặt thương mại, dự án đã có đầu ra tương đối chắc chắn. Theo cập nhật từ Chứng khoán MB (MBS), Tổng Công ty Hóa chất và Dịch vụ Dầu khí (PVC) đã ký hợp đồng bao tiêu 30% sản lượng giai đoạn 1. Cùng với cam kết từ các khách hàng khác, tổng sản lượng đã có hợp đồng bao tiêu đã lên đến 50% công suất. MBS nhận định đây sẽ là động lực tăng trưởng chủ chốt cho DGC trong năm 2026, dự kiến đóng góp khoảng 1.200 tỷ đồng doanh thu.
Tiến độ dự án cũng được điều chỉnh lại. Giai đoạn 1 dự kiến sẽ hoàn thành và đi vào hoạt động trong quý II/2026. Giai đoạn 2 sẽ bắt đầu thủ tục đầu tư từ quý III/2025 và dự kiến đi vào hoạt động từ quý IV/2027. Riêng dây chuyền sản xuất ắc quy bình sẽ được triển khai theo 3 đợt, kéo dài từ quý III/2026 đến quý I/2033.
Động thái mở rộng đầu tư của DGC diễn ra trong bối cảnh kết quả kinh doanh nửa đầu năm 2025 ghi nhận sự tăng trưởng. Doanh thu 6 tháng đạt hơn 5.700 tỷ đồng, tăng 16,6% và lợi nhuận sau thuế đạt 1.728 tỷ đồng, tăng 9% so với cùng kỳ. Với kết quả này, DGC đã hoàn thành 57,6% kế hoạch lợi nhuận cả năm.
Nhà máy DGC ở Lào Cai. Ảnh DGC
Nền tảng cho các kế hoạch đầu tư này là sức khỏe tài chính vững chắc. Tại ngày 30/6/2025, tổng tài sản của DGC đạt 18.098 tỷ đồng, trong đó lượng tiền và tiền gửi ngân hàng lên tới 12.178 tỷ đồng, chiếm đến 66% tổng tài sản.
Cũng trong ngày 15/9, HĐQT DGC đã thông qua việc giải tỏa 8.537.213 cổ phiếu ESOP phát hành năm 2022. Thời gian giải tỏa bắt đầu từ ngày 23/09/2025, sau khi kết thúc thời gian hạn chế chuyển nhượng 3 năm."
2025-09-15 17:34:00,DGC: Nghị quyết HĐQT về việc thông qua giải tỏa cổ phiếu ESOP 2022,https://cafef.vn/du-lieu/DGC-2296572/dgc-nghi-quyet-hdqt-ve-viec-thong-qua-giai-toa-co-phieu-esop-2022.chn,
2025-09-15 00:00:00,"DGC: Nghị quyết HĐQT thông qua điều chỉnh GCN Đăng ký Đầu tư ""Dự án số 1, Tổ hợp hóa chất Đức Giang Nghi Sơn""",https://cafef.vn/du-lieu/DGC-2297070/dgc-nghi-quyet-hdqt-thong-qua-dieu-chinh-gcn-dang-ky-dau-tu-du-an-so-1-to-hop-hoa-chat-duc-giang-nghi-son.chn,
2025-08-21 00:08:00,"Nỗi buồn giữa uptrend: FPT, DGC cùng mất mốc 100.000 đồng/cp trong một ngày",https://cafef.vn/noi-buon-giua-uptrend-fpt-dgc-cung-mat-moc-100000-dongcp-trong-mot-ngay-188250821000843529.chn,
2025-08-19 07:15:00,Những ‘đại gia’ đem tiền mặt đi trả hết nợ vẫn còn hơn chục nghìn tỷ,https://cafef.vn/nhung-dai-gia-dem-tien-mat-di-tra-het-no-van-con-hon-chuc-nghin-ty-188250819071520593.chn,
2025-08-15 00:00:00,DGC: Giải trình chênh lệch LNST 6 tháng đầu năm 2025 so với cùng kỳ năm trước,https://cafef.vn/du-lieu/DGC-2271893/dgc-giai-trinh-chenh-lech-lnst-6-thang-dau-nam-2025-so-voi-cung-ky-nam-truoc.chn,
2025-08-14 00:00:00,DGC: Báo cáo thay đổi về sở hữu của nhóm nhà đầu tư nước ngoài có liên quan là cổ đông lớn,https://cafef.vn/du-lieu/DGC-2271362/dgc-bao-cao-thay-doi-ve-so-huu-cua-nhom-nha-dau-tu-nuoc-ngoai-co-lien-quan-la-co-dong-lon.chn,
2025-08-06 16:07:00,Hóa chất Đức Giang đặt mục tiêu lãi 880 tỷ đồng trong quý III/2025,https://cafef.vn/hoa-chat-duc-giang-dat-muc-tieu-lai-880-ty-dong-trong-quy-iii2025-188250806155615065.chn,
2025-08-05 00:00:00,"DGC: Nghị quyết HĐQT thông qua kết quả SXKD quý 2/2025, kế hoạch SXKD quý 3/2025",https://cafef.vn/du-lieu/DGC-2268374/dgc-nghi-quyet-hdqt-thong-qua-ket-qua-sxkd-quy-22025-ke-hoach-sxkd-quy-32025.chn,
2025-07-30 00:00:00,DGC: Báo cáo tình hình quản trị 6 tháng đầu năm 2025,https://cafef.vn/du-lieu/DGC-2282630/dgc-bao-cao-tinh-hinh-quan-tri-6-thang-dau-nam-2025.chn,
2025-07-25 00:00:00,DGC: Giấy chứng nhận đăng ký doanh nghiệp thay đổi lần thứ 26,https://cafef.vn/du-lieu/DGC-2257037/dgc-giay-chung-nhan-dang-ky-doanh-nghiep-thay-doi-lan-thu-26.chn,
2025-07-22 15:15:00,"Hóa chất Đức Giang báo lãi cao nhất 10 quý, hơn 12.000 tỷ 'tiền tươi' vẫn để trong ngân hàng",https://cafef.vn/hoa-chat-duc-giang-bao-lai-cao-nhat-10-quy-hon-12000-ty-tien-tuoi-van-de-trong-ngan-hang-188250722151435515.chn,
2025-07-22 00:00:00,DGC: Giải trình biến động LNST quý 2.2025 so với cùng kỳ năm trước,https://cafef.vn/du-lieu/DGC-2253241/dgc-giai-trinh-bien-dong-lnst-quy-22025-so-voi-cung-ky-nam-truoc.chn,
2025-07-17 00:00:00,DGC: Báo cáo thay đổi sở hữu vượt ngưỡng 1% của nhóm nhà đầu tư nước ngoài,https://cafef.vn/du-lieu/DGC-2248196/dgc-bao-cao-thay-doi-so-huu-vuot-nguong-1-cua-nhom-nha-dau-tu-nuoc-ngoai.chn,
2025-05-18 11:36:00,Dragon Capital bán ra 250.000 cổ phiếu DGC của Hóa chất Đức Giang,https://cafef.vn/dragon-capital-ban-ra-250000-co-phieu-dgc-cua-hoa-chat-duc-giang-18825051811362509.chn,
2025-05-16 00:00:00,DGC: Báo cáo thay đổi về sở hữu của nhóm nhà đầu tư nước ngoài có liên quan là cổ đông lớn,https://cafef.vn/du-lieu/DGC-2199847/dgc-bao-cao-thay-doi-ve-so-huu-cua-nhom-nha-dau-tu-nuoc-ngoai-co-lien-quan-la-co-dong-lon.chn,
2025-05-13 00:45:00,"Hòa Phát, Đức Giang, Vinamilk... sẽ chi thêm bao nhiêu sau khi giá điện điều chỉnh tăng 4,8%?",https://cafef.vn/hoa-phat-duc-giang-vinamilk-se-chi-them-bao-nhieu-sau-khi-gia-dien-dieu-chinh-tang-48-188250513004551573.chn,
2025-05-12 00:00:00,DGC: Nghị quyết HĐQT thông qua việc tăng vốn điều lệ Công ty TNHH MTV BĐS Đức Giang,https://cafef.vn/du-lieu/DGC-2201458/dgc-nghi-quyet-hdqt-thong-qua-viec-tang-von-dieu-le-cong-ty-tnhh-mtv-bds-duc-giang.chn,
2025-04-23 14:32:00,Hóa chất Đức Giang lãi ròng gần 837 tỷ đồng trong quý I/2025,https://cafef.vn/hoa-chat-duc-giang-lai-rong-gan-837-ty-dong-trong-quy-i2025-188250423140721203.chn,
2025-04-23 10:24:00,"Trùm hóa chất Việt Nam hé lộ kế hoạch quý 2, gần nửa doanh thu từ bán mặt hàng được Mỹ, Nhật Bản, Hàn Quốc ""săn lùng""",https://cafef.vn/trum-hoa-chat-viet-nam-he-lo-ke-hoach-quy-2-gan-nua-doanh-thu-tu-ban-mat-hang-duoc-my-nhat-ban-han-quoc-san-lung-188250423102508734.chn,
2025-04-22 00:00:00,"DGC: Nghị quyết HĐQT thông qua kết quả kinh doanh quý 1/2025, kế hoạch SXKD quý 2/2025",https://cafef.vn/du-lieu/DGC-2186037/dgc-nghi-quyet-hdqt-thong-qua-ket-qua-kinh-doanh-quy-12025-ke-hoach-sxkd-quy-22025.chn,
2025-04-21 00:00:00,DGC: Giải trình biến động LNST BCTC quý 1/2025 so với cùng kỳ năm trước,https://cafef.vn/du-lieu/DGC-2184145/dgc-giai-trinh-bien-dong-lnst-bctc-quy-12025-so-voi-cung-ky-nam-truoc.chn,
2025-04-19 10:41:00,"DN Việt bán mặt hàng cực quan trọng, chiếm 1/3 tổng xuất khẩu toàn cầu: Lời lãi ra sao?",https://cafef.vn/dn-viet-ban-mat-hang-cuc-quan-trong-chiem-13-tong-xuat-khau-toan-cau-loi-lai-ra-sao-18825041910412451.chn,
2025-04-17 00:00:00,DGC: Giấy chứng nhận đăng ký doanh nghiệp thay đổi lần thứ 25,https://cafef.vn/du-lieu/DGC-2181658/dgc-giay-chung-nhan-dang-ky-doanh-nghiep-thay-doi-lan-thu-25.chn,
2025-04-09 00:01:00,"Các DN có tỷ trọng doanh thu xuất khẩu lớn nhất sàn chứng khoán: Hòa Phát, Hoa Sen, Vinamilk, FPT, Masan... xuất hiện ở đâu?",https://cafef.vn/cac-dn-co-ty-trong-doanh-thu-xuat-khau-lon-nhat-san-chung-khoan-hoa-phat-hoa-sen-vinamilk-fpt-masan-xuat-hien-o-dau-18825040823185387.chn,
2025-04-04 00:03:00,20 công ty niêm yết kiếm được tiền từ Mỹ: Xuất khẩu trực tiếp chiếm vỏn vẹn 2% tổng doanh thu thị trường,https://cafef.vn/20-cong-ty-niem-yet-kiem-duoc-tien-tu-my-xuat-khau-truc-tiep-chiem-von-ven-2-tong-doanh-thu-thi-truong-188250403231559701.chn,
2025-04-01 00:00:00,DGC: Nghị quyết và Biên bản họp ĐHĐCĐ thường niên năm 2025,https://cafef.vn/du-lieu/DGC-2163078/dgc-nghi-quyet-va-bien-ban-hop-dhdcd-thuong-nien-nam-2025.chn,
2025-04-01 00:00:00,DGC: Điều lệ công ty,https://cafef.vn/du-lieu/DGC-2163145/dgc-dieu-le-cong-ty.chn,
2025-03-31 11:08:00,"Chủ tịch Hóa chất Đức Giang (DGC) nói về DA BĐS khả năng lãi 1.000 tỷ: 'Tôi không hào hứng gì với BĐS, nhưng có đất thì tôi phải làm'",https://cafef.vn/chu-tich-hoa-chat-duc-giang-dgc-noi-ve-da-bds-kha-nang-lai-1000-ty-toi-khong-hao-hung-gi-voi-bds-nhung-co-dat-thi-toi-phai-lam-188250331110901235.chn,
2025-03-12 11:28:00,"Hóa chất Đức Giang (DGC) ký với ""khách sộp"", bao tiêu 40% sản lượng của dự án át chủ bài",https://cafef.vn/hoa-chat-duc-giang-dgc-ky-voi-khach-sop-bao-tieu-40-san-luong-cua-du-an-at-chu-bai-188250312112843714.chn,
2025-03-07 00:00:00,DGC: Giấy chứng nhận đăng ký doanh nghiệp thay đổi lần thứ 24,https://cafef.vn/du-lieu/dgc-2145095/dgc-giay-chung-nhan-dang-ky-doanh-nghiep-thay-doi-lan-thu-24.chn,
2025-03-03 22:23:00,"Không còn cảnh ""bố làm Chủ tịch, con làm Tổng Giám đốc"": Tập đoàn ""đại gia"" hóa chất vừa thay người ngồi ghế nóng",https://cafef.vn/du-lieu/dgc-2141721/khong-con-canh-bo-lam-chu-tich-con-lam-tong-giam-doc-tap-doan-dai-gia-hoa-chat-vua-thay-nguoi-ngoi-ghe-nong.chn,
2025-03-03 17:50:00,Con trai ông Đào Hữu Huyền không còn giữ chức Tổng Giám đốc Đức Giang,https://cafef.vn/du-lieu/dgc-2141633/con-trai-ong-dao-huu-huyen-khong-con-giu-chuc-tong-giam-doc-duc-giang.chn,
2025-03-03 00:00:00,DGC: Giải trình BCTC kiểm toán năm 2024 so với cùng kỳ năm trước,https://cafef.vn/du-lieu/dgc-2141161/dgc-giai-trinh-bctc-kiem-toan-nam-2024-so-voi-cung-ky-nam-truoc.chn,
2025-03-03 00:00:00,DGC: Nghị quyết HĐQT thông qua việc điều chỉnh thời gian tổ chức ĐHĐCĐ thường niên năm 2025,https://cafef.vn/du-lieu/dgc-2141906/dgc-nghi-quyet-hdqt-thong-qua-viec-dieu-chinh-thoi-gian-to-chuc-dhdcd-thuong-nien-nam-2025.chn,
2025-03-03 00:00:00,DGC: Nghị quyết HĐQT thông qua tài liệu họp ĐHĐCĐ thường niên năm 2025,https://cafef.vn/du-lieu/dgc-2141907/dgc-nghi-quyet-hdqt-thong-qua-tai-lieu-hop-dhdcd-thuong-nien-nam-2025.chn,
2025-03-03 00:00:00,"DGC: Bổ nhiệm ông Đào Hữu Duy Anh giữ chức Phó Chủ tịch thường trực HĐQT, ông Lưu Bách Đạt giữ chức Tổng giám đốc từ 3.3.2025",https://cafef.vn/du-lieu/dgc-2142163/dgc-bo-nhiem-ong-dao-huu-duy-anh-giu-chuc-pho-chu-tich-thuong-truc-hdqt-ong-luu-bach-dat-giu-chuc-tong-giam-doc-tu-332025.chn,
2025-02-17 18:44:00,"Một ""ông lớn"" vừa khởi công dự án tổ hợp hóa chất lớn nhất Việt Nam 12.000 tỷ tại Thanh Hóa",https://cafef.vn/du-lieu/dgc-2131937/mot-ong-lon-vua-khoi-cong-du-an-to-hop-hoa-chat-lon-nhat-viet-nam-12000-ty-tai-thanh-hoa.chn,
2025-02-17 17:46:00,"Một ""ông lớn"" vừa khởi công dự án tổ hợp hóa chất lớn nhất Việt Nam 12.000 tỷ tại Thanh Hóa",https://cafef.vn/du-lieu/dgc-2131923/mot-ong-lon-vua-khoi-cong-du-an-to-hop-hoa-chat-lon-nhat-viet-nam-12000-ty-tai-thanh-hoa.chn,
2025-02-05 00:00:00,DGC: Báo cáo thay đổi về sở hữu của nhóm nhà đầu tư nước ngoài có liên quan là cổ đông lớn,https://cafef.vn/du-lieu/dgc-2125531/dgc-bao-cao-thay-doi-ve-so-huu-cua-nhom-nha-dau-tu-nuoc-ngoai-co-lien-quan-la-co-dong-lon.chn,
2025-01-23 16:12:00,"Chi phối gần 1/3 tổng lượng xuất khẩu phốt pho vàng toàn cầu, đại gia hóa chất Việt Nam báo lãi hơn 3.000 tỷ đồng trong năm 2024, ôm hơn 10.000 tỷ tiền mặt",https://cafef.vn/du-lieu/dgc-2119924/chi-phoi-gan-13-tong-luong-xuat-khau-phot-pho-vang-toan-cau-dai-gia-hoa-chat-viet-nam-bao-lai-hon-3000-ty-dong-trong-nam-2024-om-hon-10000-ty-tien-mat.chn,
2025-01-23 00:00:00,DGC: Giải trình chênh lệch LNST quý 4/2024 so với cùng kỳ năm trước,https://cafef.vn/du-lieu/dgc-2124232/dgc-giai-trinh-chenh-lech-lnst-quy-42024-so-voi-cung-ky-nam-truoc.chn,
2025-01-22 00:00:00,"DGC: 13.2.2025, ngày GDKHQ tham dự ĐHCĐ thường niên năm 2025",https://cafef.vn/du-lieu/dgc-2119055/dgc-1322025-ngay-gdkhq-tham-du-dhcd-thuong-nien-nam-2025.chn,
2025-01-22 00:00:00,DGC: Báo cáo tình hình quản trị công ty năm 2024,https://cafef.vn/du-lieu/dgc-2119877/dgc-bao-cao-tinh-hinh-quan-tri-cong-ty-nam-2024.chn,
2025-01-20 00:03:00,"Bản đồ tỷ đô tại Hà Nội: Hoàn Kiếm là địa bàn của nhóm Ngân hàng, 1 công ty họ Vingroup chuyển nhà phút chót, lý do FPT 'ôm' Cầu Giấy",https://cafef.vn/du-lieu/dgc-2135311/ban-do-ty-do-tai-ha-noi-hoan-kiem-la-dia-ban-cua-nhom-ngan-hang-1-cong-ty-ho-vingroup-chuyen-nha-phut-chot-ly-do-fpt-om-cau-giay.chn,
2025-01-09 12:38:00,"Siêu dự án bô xít 2,3 tỷ USD của Hóa chất Đức Giang được gỡ vướng",https://cafef.vn/du-lieu/dgc-2112486/sieu-du-an-bo-xit-23-ty-usd-cua-hoa-chat-duc-giang-duoc-go-vuong.chn,
2025-01-01 15:06:00,Dragon Capital vừa ‘gom’ thành công cổ phiếu Hóa chất Đức Giang,https://cafef.vn/du-lieu/dgc-2108164/dragon-capital-vua-gom-thanh-cong-co-phieu-hoa-chat-duc-giang.chn,
2025-01-01 08:04:00,"""Bố làm Chủ tịch, con làm Tổng giám đốc"": TNG bị phạt, Hòa Bình dẫn đến nội chiến, Hóa chất Đức Giang bình yên chờ ngày Chủ tịch về hưu",https://cafef.vn/du-lieu/dgc-2108025/bo-lam-chu-tich-con-lam-tong-giam-doc-tng-bi-phat-hoa-binh-dan-den-noi-chien-hoa-chat-duc-giang-binh-yen-cho-ngay-chu-tich-ve-huu.chn,
2024-12-31 00:00:00,DGC: Giấy chứng nhận đăng ký doanh nghiệp thay đổi lần thứ 23,https://cafef.vn/du-lieu/dgc-2108411/dgc-giay-chung-nhan-dang-ky-doanh-nghiep-thay-doi-lan-thu-23.chn,
2024-12-31 00:00:00,DGC: Báo cáo thay đổi về sở hữu của nhóm nhà đầu tư nước ngoài có liên quan là cổ đông lớn,https://cafef.vn/du-lieu/dgc-2109154/dgc-bao-cao-thay-doi-ve-so-huu-cua-nhom-nha-dau-tu-nuoc-ngoai-co-lien-quan-la-co-dong-lon.chn,
2024-12-24 00:06:00,"Những 'gã khổng lồ' từ Nhật, Anh, Hàn tăng cường 'săn lùng' phốt pho vàng của Hóa chất Đức Giang (DGC)",https://cafef.vn/du-lieu/dgc-2103615/nhung-ga-khong-lo-tu-nhat-anh-han-tang-cuong-san-lung-phot-pho-vang-cua-hoa-chat-duc-giang-dgc.chn,
2024-12-01 00:05:00,"Vị khách sộp chiếm 67% doanh thu phốt pho vàng của Đức Giang: Đang làm thương vụ ‘khủng’ với Vingroup, Masan, ‘tay chơi’ nhiệt điện và ô tô sừng sỏ",https://cafef.vn/du-lieu/dgc-2092058/vi-khach-sop-chiem-67-doanh-thu-phot-pho-vang-cua-duc-giang-dang-lam-thuong-vu-khung-voi-vingroup-masan-tay-choi-nhiet-dien-va-o-to-sung-so.chn,
2024-11-28 00:00:00,DGC: Báo cáo thay đổi sở hữu ngưỡng 1% của nhóm nhà đầu tư nước ngoài,https://cafef.vn/du-lieu/dgc-2091468/dgc-bao-cao-thay-doi-so-huu-nguong-1-cua-nhom-nha-dau-tu-nuoc-ngoai.chn,
2024-11-25 00:00:00,DGC: Báo cáo thay đổi về sở hữu của nhóm nhà đầu tư nước ngoài có liên quan là cổ đông lớn,https://cafef.vn/du-lieu/dgc-2089170/dgc-bao-cao-thay-doi-ve-so-huu-cua-nhom-nha-dau-tu-nuoc-ngoai-co-lien-quan-la-co-dong-lon.chn,
2024-11-01 00:00:00,DGC: Báo cáo thay đổi về sở hữu của nhóm nhà đầu tư nước ngoài có liên quan là cổ đông lớn,https://cafef.vn/du-lieu/dgc-2080103/dgc-bao-cao-thay-doi-ve-so-huu-cua-nhom-nha-dau-tu-nuoc-ngoai-co-lien-quan-la-co-dong-lon.chn,
2024-10-30 00:00:00,"DGC: 19.11.2024, ngày GDKHQ tạm ứng cổ tức năm 2024 bằng tiền (3.000 đ/cp)",https://cafef.vn/du-lieu/dgc-2077006/dgc-19112024-ngay-gdkhq-tam-ung-co-tuc-nam-2024-bang-tien-3000-dcp.chn,
2024-10-23 00:00:00,DGC: Thông báo ngày ĐKCC để thực hiện quyền nhận tạm ứng cổ tức năm 2024 bằng tiền,https://cafef.vn/du-lieu/dgc-2073743/dgc-thong-bao-ngay-dkcc-de-thuc-hien-quyen-nhan-tam-ung-co-tuc-nam-2024-bang-tien.chn,
2024-10-23 00:00:00,"DGC: Nghị quyết HĐQT thông qua kết quả SXKD quý 3/2024, kế hoạch kinh doanh quý 4/2024",https://cafef.vn/du-lieu/dgc-2073807/dgc-nghi-quyet-hdqt-thong-qua-ket-qua-sxkd-quy-32024-ke-hoach-kinh-doanh-quy-42024.chn,
2024-10-23 00:00:00,DGC: Nghị quyết HĐQT thông qua phương án chốt DSCĐ để tạm ứng cổ tức năm 2024 bằng tiền,https://cafef.vn/du-lieu/dgc-2080827/dgc-nghi-quyet-hdqt-thong-qua-phuong-an-chot-dscd-de-tam-ung-co-tuc-nam-2024-bang-tien.chn,
2024-10-22 16:59:00,"Lợi nhuận quý 3/2024 của Hóa chất Đức Giang (DGC) giảm 7%, gửi thêm 1.400 tỷ vào ngân hàng sau một quý",https://cafef.vn/du-lieu/dgc-2072875/loi-nhuan-quy-32024-cua-hoa-chat-duc-giang-dgc-giam-7-gui-them-1400-ty-vao-ngan-hang-sau-mot-quy.chn,
2024-10-22 00:00:00,DGC: Giải trình BCTC quý 3/2024 so với cùng kỳ năm trước,https://cafef.vn/du-lieu/dgc-2073978/dgc-giai-trinh-bctc-quy-32024-so-voi-cung-ky-nam-truoc.chn,
2024-10-03 07:10:00,Tổ hợp dự án lớn nhất Việt Nam của Hóa Chất Đức Giang hiện ra sao?,https://cafef.vn/du-lieu/dgc-2062805/to-hop-du-an-lon-nhat-viet-nam-cua-hoa-chat-duc-giang-hien-ra-sao.chn,
2024-08-15 00:00:00,DGC: Giải trình chênh lệch lợi nhuận sau thuế 6 tháng đầu năm 2024 so với 6 tháng đầu năm 2023,https://cafef.vn/du-lieu/dgc-2039630/dgc-giai-trinh-chenh-lech-loi-nhuan-sau-thue-6-thang-dau-nam-2024-so-voi-6-thang-dau-nam-2023.chn,
2024-08-09 00:00:00,DGC: Báo cáo thay đổi về sở hữu của nhóm nhà đầu tư nước ngoài có liên quan là cổ đông lớn,https://cafef.vn/du-lieu/dgc-2036468/dgc-bao-cao-thay-doi-ve-so-huu-cua-nhom-nha-dau-tu-nuoc-ngoai-co-lien-quan-la-co-dong-lon.chn,
2024-07-31 00:00:00,DGC: Nghị quyết HĐQT thông qua phương án sáp nhập PP6 và DLC,https://cafef.vn/du-lieu/dgc-2031849/dgc-nghi-quyet-hdqt-thong-qua-phuong-an-sap-nhap-pp6-va-dlc.chn,
2024-07-30 00:00:00,DGC: Báo cáo tình hình quản trị công ty 6 tháng đầu năm 2024,https://cafef.vn/du-lieu/dgc-2082376/dgc-bao-cao-tinh-hinh-quan-tri-cong-ty-6-thang-dau-nam-2024.chn,
2024-07-24 21:27:00,"Hóa chất Đức Giang lùi tiến độ khởi công tổ hợp ""át chủ bài"" Đức Giang Nghi Sơn, đặt kế hoạch lãi quý 3 giảm 17%",https://cafef.vn/du-lieu/dgc-2028247/hoa-chat-duc-giang-lui-tien-do-khoi-cong-to-hop-at-chu-bai-duc-giang-nghi-son-dat-ke-hoach-lai-quy-3-giam-17.chn,
2024-07-24 00:00:00,DGC: Nghị quyết HĐQT số 09 ngày 24/07/2024,https://cafef.vn/du-lieu/dgc-2028413/dgc-nghi-quyet-hdqt-so-09-ngay-24072024.chn,
2024-07-24 00:00:00,DGC: Nghị quyết HĐQT thông qua điều chỉnh tiến độ thực hiện dự án Nghị Sơn,https://cafef.vn/du-lieu/dgc-2028415/dgc-nghi-quyet-hdqt-thong-qua-dieu-chinh-tien-do-thuc-hien-du-an-nghi-son.chn,
2024-07-22 20:42:00,"Lợi nhuận của Hóa chất Đức Giang lên mức cao nhất 6 quý, vẫn cầm hơn 10.000 tỷ 'tiền tươi'",https://cafef.vn/du-lieu/dgc-2026958/loi-nhuan-cua-hoa-chat-duc-giang-len-muc-cao-nhat-6-quy-van-cam-hon-10000-ty-tien-tuoi.chn,
2024-07-22 00:00:00,DGC: Giải trình chênh lệch LNST Q2/2024 so với cùng kỳ năm trước,https://cafef.vn/du-lieu/dgc-2027123/dgc-giai-trinh-chenh-lech-lnst-q22024-so-voi-cung-ky-nam-truoc.chn,
2024-07-03 00:00:00,DGC: Báo cáo thay đổi sở hữu của nhóm NĐTNN là CĐL Trương Ngọc Phượng,https://cafef.vn/du-lieu/dgc-2018779/dgc-bao-cao-thay-doi-so-huu-cua-nhom-ndtnn-la-cdl-truong-ngoc-phuong.chn,
2024-06-24 00:00:00,DGC: Báo cáo thay đổi sở hữu của nhóm NĐTNN là CĐL Trương Ngọc Phượng,https://cafef.vn/du-lieu/dgc-2013012/dgc-bao-cao-thay-doi-so-huu-cua-nhom-ndtnn-la-cdl-truong-ngoc-phuong.chn,
2024-06-19 00:00:00,DGC: Báo cáo thay đổi sở hữu của nhóm NĐTNN là CĐL Trương Ngọc Phượng,https://cafef.vn/du-lieu/dgc-2010672/dgc-bao-cao-thay-doi-so-huu-cua-nhom-ndtnn-la-cdl-truong-ngoc-phuong.chn,
2024-06-17 00:00:00,DGC: Nghị quyết HĐQT lựa chọn đơn vị kiểm toán cho năm 2024,https://cafef.vn/du-lieu/dgc-2009236/dgc-nghi-quyet-hdqt-lua-chon-don-vi-kiem-toan-cho-nam-2024.chn,
2024-06-13 14:52:00,Lãnh đạo tỉnh Thanh Hóa họp bàn tháo gỡ vướng mắc cho dự án có tổng vốn đầu tư 12.000 tỷ của Hóa chất Đức Giang (DGC),https://cafef.vn/du-lieu/dgc-2007240/lanh-dao-tinh-thanh-hoa-hop-ban-thao-go-vuong-mac-cho-du-an-co-tong-von-dau-tu-12000-ty-cua-hoa-chat-duc-giang-dgc.chn,
2024-05-05 19:36:00,Hóa chất Đức Giang lên kế hoạch lợi nhuận ‘đi lùi’ trong quý II/2024,https://cafef.vn/du-lieu/dgc-1987180/hoa-chat-duc-giang-len-ke-hoach-loi-nhuan-di-lui-trong-quy-ii2024.chn,
2024-05-03 00:00:00,"DGC: Nghị quyết HĐQT thông qua kết quả quý 1/2024, kế hoạch SXKD quý 2/2024",https://cafef.vn/du-lieu/dgc-1986645/dgc-nghi-quyet-hdqt-thong-qua-ket-qua-quy-12024-ke-hoach-sxkd-quy-22024.chn,
2024-05-03 00:00:00,DGC: Nghị quyết HĐQT về việc tăng vốn điều lệ công ty con,https://cafef.vn/du-lieu/dgc-2012584/dgc-nghi-quyet-hdqt-ve-viec-tang-von-dieu-le-cong-ty-con.chn,
2024-04-22 15:30:00,"Hóa chất Đức Giang (DGC) báo lãi thấp nhất 10 quý, tiền mặt giảm gần nghìn tỷ nhưng vẫn còn “núi” tiền gửi ngân hàng",https://cafef.vn/du-lieu/dgc-1980735/hoa-chat-duc-giang-dgc-bao-lai-thap-nhat-10-quy-tien-mat-giam-gan-nghin-ty-nhung-van-con-nui-tien-gui-ngan-hang.chn,
2024-04-22 00:00:00,DGC: Giải trình chênh lệch lợi nhuận sau thuế quý 1/2024 so với quý 1/2023,https://cafef.vn/du-lieu/dgc-1995232/dgc-giai-trinh-chenh-lech-loi-nhuan-sau-thue-quy-12024-so-voi-quy-12023.chn,
2024-04-10 13:54:00,Nhóm Dragon Capital trở thành cổ đông lớn tại Hoá chất Đức Giang,https://cafef.vn/du-lieu/dgc-1974705/nhom-dragon-capital-tro-thanh-co-dong-lon-tai-hoa-chat-duc-giang.chn,
2024-04-10 13:52:00,"Hóa chất Đức Giang chi 253 tỷ thâu tóm một nhà máy cồn bị ""xiết nợ"" tại Đắk Nông",https://cafef.vn/du-lieu/dgc-1974703/hoa-chat-duc-giang-chi-253-ty-thau-tom-mot-nha-may-con-bi-xiet-no-tai-dak-nong.chn,
2024-04-09 00:00:00,DGC: Nghị quyết HĐQT thông qua kết quả đấu giá tài sản nhà máy con,https://cafef.vn/du-lieu/dgc-1974464/dgc-nghi-quyet-hdqt-thong-qua-ket-qua-dau-gia-tai-san-nha-may-con.chn,
2024-04-09 00:00:00,DGC: Báo cáo về ngày trở thành cổ đông lớn Trương Ngọc Phượng (đại diện),https://cafef.vn/du-lieu/dgc-1974495/dgc-bao-cao-ve-ngay-tro-thanh-co-dong-lon-truong-ngoc-phuong-dai-dien.chn,
2024-04-03 00:00:00,DGC: Ông Vũ Văn Ngọ - thành viên BKS đã bán 350.000 cp,https://cafef.vn/du-lieu/dgc-1971088/dgc-ong-vu-van-ngo-thanh-vien-bks-da-ban-350000-cp.chn,
2024-04-01 00:00:00,DGC: Nghị quyết và Biên bản họp ĐHĐCĐ thường niên năm 2024,https://cafef.vn/du-lieu/dgc-1970156/dgc-nghi-quyet-va-bien-ban-hop-dhdcd-thuong-nien-nam-2024.chn,
2024-04-01 00:00:00,DGC: Thông báo thay đổi nhân sự công ty,https://cafef.vn/du-lieu/dgc-1970161/dgc-thong-bao-thay-doi-nhan-su-cong-ty.chn,
2024-04-01 00:00:00,"DGC: Nghị quyết HĐQT bổ nhiệm ông Đào Hữu Huyền giữ chức Chủ tịch HĐQT, ông Nguyễn Văn Kiên giữ chức Trưởng BKS",https://cafef.vn/du-lieu/dgc-1970163/dgc-nghi-quyet-hdqt-bo-nhiem-ong-dao-huu-huyen-giu-chuc-chu-tich-hdqt-ong-nguyen-van-kien-giu-chuc-truong-bks.chn,
2024-03-30 07:50:00,"Chủ tịch Hóa chất Đức Giang: ""Tôi không bao giờ lái cổ phiếu nên tôi không nhận định được DGC tăng hay giảm""",https://cafef.vn/du-lieu/dgc-1967758/chu-tich-hoa-chat-duc-giang-toi-khong-bao-gio-lai-co-phieu-nen-toi-khong-nhan-dinh-duoc-dgc-tang-hay-giam.chn,
2024-03-29 11:51:00,"Chủ tịch Hóa chất Đức Giang: Lợi nhuận quý 1/2024 đạt khoảng 700 tỷ, thà gửi 10.000 tỷ vào ngân hàng để chờ những 'cú đấm thép' tiềm năng còn hơn đầu tư trái phiếu, khu công nghiệp",https://cafef.vn/du-lieu/dgc-1967391/chu-tich-hoa-chat-duc-giang-loi-nhuan-quy-12024-dat-khoang-700-ty-tha-gui-10000-ty-vao-ngan-hang-de-cho-nhung-cu-dam-thep-tiem-nang-con-hon-dau-tu-trai-phieu-khu-cong-nghiep.chn,
2024-03-27 13:34:00,Ông Đào Hữu Huyền: Hóa chất Đức Giang có thể mất hơn 200 tỷ khi sáp nhập Phốt Pho Apatit nhưng không là gì so với nguồn lợi công ty này mang lại cho tập đoàn,https://cafef.vn/du-lieu/dgc-1966056/ong-dao-huu-huyen-hoa-chat-duc-giang-co-the-mat-hon-200-ty-khi-sap-nhap-phot-pho-apatit-nhung-khong-la-gi-so-voi-nguon-loi-cong-ty-nay-mang-lai-cho-tap-doan.chn,
2024-03-22 09:23:00,"Siêu dự án khai thác 'kho báu' 2,3 tỷ USD của Hoá chất Đức Giang (DGC) có thể nhận giấy phép đầu tư trong năm nay",https://cafef.vn/du-lieu/dgc-1963704/sieu-du-an-khai-thac-kho-bau-23-ty-usd-cua-hoa-chat-duc-giang-dgc-co-the-nhan-giay-phep-dau-tu-trong-nam-nay.chn,
2024-03-04 00:02:00,"“Bắt trend” công nghệ toàn cầu: FPT đi lên miệt mài không thấy đỉnh, DGC cũng tăng bằng lần với “chìa khoá” của ngành bán dẫn",https://cafef.vn/du-lieu/dgc-1953289/bat-trend-cong-nghe-toan-cau-fpt-di-len-miet-mai-khong-thay-dinh-dgc-cung-tang-bang-lan-voi-chia-khoa-cua-nganh-ban-dan.chn,
2024-03-04 00:00:00,"DGC: Nghị quyết HĐQT thông qua hồ sơ họp ĐHĐCĐ thường niên 2024, thay đổi nhân sự",https://cafef.vn/du-lieu/dgc-1954050/dgc-nghi-quyet-hdqt-thong-qua-ho-so-hop-dhdcd-thuong-nien-2024-thay-doi-nhan-su.chn,
2024-03-04 00:00:00,DGC: Thư mời họp ĐHĐCĐ thường niên năm 2024 và đường link tài liệu,https://cafef.vn/du-lieu/dgc-1954052/dgc-thu-moi-hop-dhdcd-thuong-nien-nam-2024-va-duong-link-tai-lieu.chn,
2024-03-04 00:00:00,DGC: Bổ nhiệm ông Quách Kiều Hưng phụ trách quản trị kiêm Thư ký công ty từ 2.3.2024,https://cafef.vn/du-lieu/dgc-1954540/dgc-bo-nhiem-ong-quach-kieu-hung-phu-trach-quan-tri-kiem-thu-ky-cong-ty-tu-232024.chn,
2024-03-03 18:14:00,"Hóa chất Đức Giang (DGC) lên kế hoạch lợi nhuận 2024 giảm, muốn sáp nhập PAT vào tập đoàn",https://cafef.vn/du-lieu/dgc-1953245/hoa-chat-duc-giang-dgc-len-ke-hoach-loi-nhuan-2024-giam-muon-sap-nhap-pat-vao-tap-doan.chn,
2024-03-01 00:00:00,DGC: Giải trình chênh lệch KQKD 2023 so với cùng kỳ năm trước,https://cafef.vn/du-lieu/dgc-1953598/dgc-giai-trinh-chenh-lech-kqkd-2023-so-voi-cung-ky-nam-truoc.chn,
2024-02-29 08:15:00,"Thống trị Đông Á trừ Trung Quốc, Hóa chất Đức Giang dự báo chiếm 1/3 lượng xuất khẩu photpho vàng trên toàn cầu, vốn hóa tăng thêm 8.000 tỷ trong 1 tháng",https://cafef.vn/du-lieu/dgc-1951564/thong-tri-dong-a-tru-trung-quoc-hoa-chat-duc-giang-du-bao-chiem-13-luong-xuat-khau-photpho-vang-tren-toan-cau-von-hoa-tang-them-8000-ty-trong-1-thang.chn,
2024-02-28 07:07:00,"Dự án 12.000 tỷ của Hóa chất Đức Giang (DGC) dự kiến xây dựng vào tháng 7/2024, đóng góp 3.000 - 4.000 tỷ/năm vào doanh thu?",https://cafef.vn/du-lieu/dgc-1950843/du-an-12000-ty-cua-hoa-chat-duc-giang-dgc-du-kien-xay-dung-vao-thang-72024-dong-gop-3000-4000-tynam-vao-doanh-thu.chn,
2024-02-28 00:00:00,DGC: Ông Vũ Văn Ngọ - thành viên BKS đăng ký bán 350.000 cp,https://cafef.vn/du-lieu/dgc-1951700/dgc-ong-vu-van-ngo-thanh-vien-bks-dang-ky-ban-350000-cp.chn,
2024-02-26 16:04:00,"Về tay Hóa chất Đức Giang (DGC), Ắc quy Tia Sáng (TSB) đem hết lợi nhuận ra chia cổ tức, sắp sản xuất pin lithium, đặt kế hoạch năm 2024 lãi gấp đôi",https://cafef.vn/du-lieu/dgc-1950006/ve-tay-hoa-chat-duc-giang-dgc-ac-quy-tia-sang-tsb-dem-het-loi-nhuan-ra-chia-co-tuc-sap-san-xuat-pin-lithium-dat-ke-hoach-nam-2024-lai-gap-doi.chn,
2024-02-19 00:00:00,DGC: Em trai ông Lưu Bách Đạt - Thành viên HĐQT đã mua 17.500 cp,https://cafef.vn/du-lieu/dgc-1946712/dgc-em-trai-ong-luu-bach-dat-thanh-vien-hdqt-da-mua-17500-cp.chn,
2024-01-30 00:00:00,"DGC: 19.2.2024, ngày GDKHQ tham dự ĐHĐCĐ thường niên 2024",https://cafef.vn/du-lieu/dgc-1940851/dgc-1922024-ngay-gdkhq-tham-du-dhdcd-thuong-nien-2024.chn,
2024-01-29 00:00:00,DGC: Báo cáo tình hình quản trị Công ty năm 2023,https://cafef.vn/du-lieu/dgc-1941537/dgc-bao-cao-tinh-hinh-quan-tri-cong-ty-nam-2023.chn,
2024-01-22 18:37:00,"Hóa chất Đức Giang (DGC) giảm lãi 30% trong quý 4, cầm hơn 10.000 tỷ đi gửi ngân hàng, mỗi ngày hưởng lãi gần 2 tỷ đồng",https://cafef.vn/du-lieu/dgc-1934177/hoa-chat-duc-giang-dgc-giam-lai-30-trong-quy-4-cam-hon-10000-ty-di-gui-ngan-hang-moi-ngay-huong-lai-gan-2-ty-dong.chn,
2024-01-04 00:00:00,DGC: Báo cáo thay đổi về sở hữu của nhóm nhà đầu tư nước ngoài có liên quan là cổ đông lớn,https://cafef.vn/du-lieu/dgc-1925727/dgc-bao-cao-thay-doi-ve-so-huu-cua-nhom-nha-dau-tu-nuoc-ngoai-co-lien-quan-la-co-dong-lon.chn,
2023-12-20 16:31:00,"Nhóm Dragon Capital tích cực giao dịch, hạ tỷ lệ sở hữu tại Hóa chất Đức Giang xuống dưới 6%",https://cafef.vn/du-lieu/dgc-1917274/nhom-dragon-capital-tich-cuc-giao-dich-ha-ty-le-so-huu-tai-hoa-chat-duc-giang-xuong-duoi-6.chn,
2023-12-13 00:00:00,DGC: Báo cáo thay đổi sở hữu của nhóm NĐTNN là CĐL Trương Ngọc Phượng,https://cafef.vn/du-lieu/dgc-1914127/dgc-bao-cao-thay-doi-so-huu-cua-nhom-ndtnn-la-cdl-truong-ngoc-phuong.chn,
2023-12-04 00:00:00,DGC: Nghị quyết HĐQT thông qua chủ trương sáp nhập PP6 vào Công ty TNHH MTV Hóa chất Đức Giang Lào Cai,https://cafef.vn/du-lieu/dgc-1909556/dgc-nghi-quyet-hdqt-thong-qua-chu-truong-sap-nhap-pp6-vao-cong-ty-tnhh-mtv-hoa-chat-duc-giang-lao-cai.chn,
2023-11-23 13:35:00,"Phó TGĐ Hóa chất Đức Giang (DGC): Hãy coi chất thải rắn, khí thải hoặc nước thải là một tài nguyên khác, không phải là 'thải'",https://cafef.vn/du-lieu/dgc-1893658/pho-tgd-hoa-chat-duc-giang-dgc-hay-coi-chat-thai-ran-khi-thai-hoac-nuoc-thai-la-mot-tai-nguyen-khac-khong-phai-la-thai.chn,
2023-11-21 00:00:00,DGC: Thông báo về ngày ĐKCC tạm ứng cổ tức năm 2023 bằng tiền,https://cafef.vn/du-lieu/dgc-1892017/dgc-thong-bao-ve-ngay-dkcc-tam-ung-co-tuc-nam-2023-bang-tien.chn,
2023-11-09 14:07:00,"Đức Giang (DGC) 'chơi lớn' mời Hà Trần, Tùng Dương, Hoàng Thùy Linh... kỷ niệm 60 năm thành lập, CEO song ca rock cùng Phạm Anh Khoa",https://cafef.vn/du-lieu/dgc-1881058/duc-giang-dgc-choi-lon-moi-ha-tran-tung-duong-hoang-thuy-linh-ky-niem-60-nam-thanh-lap-ceo-song-ca-rock-cung-pham-anh-khoa.chn,
2023-11-09 00:00:00,DGC: Báo cáo về sở hữu nhóm nhà đầu tư nước ngoài có liên quan là cổ đông lớn Trương Ngọc Phượng,https://cafef.vn/du-lieu/dgc-1881859/dgc-bao-cao-ve-so-huu-nhom-nha-dau-tu-nuoc-ngoai-co-lien-quan-la-co-dong-lon-truong-ngoc-phuong.chn,
2023-10-25 15:22:00,"Công ty con của Hóa chất Đức Giang sắp chia cổ tức khủng bằng tiền, mỗi cổ đông được nhận 9.000 đồng/cp",https://cafef.vn/du-lieu/dgc-1859611/cong-ty-con-cua-hoa-chat-duc-giang-sap-chia-co-tuc-khung-bang-tien-moi-co-dong-duoc-nhan-9000-dongcp.chn,
2023-10-24 10:43:00,"Vừa báo lãi quý 3 giảm mạnh, Hóa chất Đức Giang (DGC) tiếp tục lên kế hoạch lợi nhuận quý 4 đi lùi",https://cafef.vn/du-lieu/dgc-1857385/vua-bao-lai-quy-3-giam-manh-hoa-chat-duc-giang-dgc-tiep-tuc-len-ke-hoach-loi-nhuan-quy-4-di-lui.chn,
2023-10-23 20:04:00,"“Của để dành” dồi dào hơn 6.400 tỷ, Hoá chất Đức Giang (DGC) sắp chia cổ tức tỷ lệ 30% bằng tiền mặt",https://cafef.vn/du-lieu/dgc-1856680/cua-de-danh-doi-dao-hon-6400-ty-hoa-chat-duc-giang-dgc-sap-chia-co-tuc-ty-le-30-bang-tien-mat.chn,
2023-10-23 11:47:00,"Hóa chất Đức Giang (DGC) báo lãi ròng quý 3/2023 giảm 46%, cầm gần 10.000 tỷ tiền mặt và chỉ có 1.000 tỷ đồng nợ vay tài chính",https://cafef.vn/du-lieu/dgc-1856092/hoa-chat-duc-giang-dgc-bao-lai-rong-quy-32023-giam-46-cam-gan-10000-ty-tien-mat-va-chi-co-1000-ty-dong-no-vay-tai-chinh.chn,
2023-10-23 00:00:00,DGC: Giải trình chênh lệch LNST Q3/2023 so với cùng kỳ năm trước,https://cafef.vn/du-lieu/dgc-1856302/dgc-giai-trinh-chenh-lech-lnst-q32023-so-voi-cung-ky-nam-truoc.chn,
2023-10-23 00:00:00,DGC: Nghị quyết HĐQT thông qua kết quả kinh doanh Q3/2023 và kế hoạch Q4/2023,https://cafef.vn/du-lieu/dgc-1857406/dgc-nghi-quyet-hdqt-thong-qua-ket-qua-kinh-doanh-q32023-va-ke-hoach-q42023.chn,
2023-10-23 00:00:00,DGC: Nghị quyết HĐQT chốt danh sách cổ đông tạm ứng cổ tức 2023 bằng tiền,https://cafef.vn/du-lieu/dgc-1857415/dgc-nghi-quyet-hdqt-chot-danh-sach-co-dong-tam-ung-co-tuc-2023-bang-tien.chn,
2023-09-29 11:05:00,Quan hệ Việt - Mỹ sang trang sử mới: Điểm tên những DN niêm yết có 30-70% doanh thu đến từ thị trường Mỹ,https://cafef.vn/du-lieu/dgc-1822147/quan-he-viet-my-sang-trang-su-moi-diem-ten-nhung-dn-niem-yet-co-3070-doanh-thu-den-tu-thi-truong-my.chn,
2023-09-22 00:01:00,"Một ngành có cơ hội nhận hàng tỷ USD đổ vào, số doanh nghiệp Việt Nam liên quan trên sàn chứng khoán ""đếm trên đầu ngón tay"", giá cổ phiếu bật tăng mạnh",https://cafef.vn/du-lieu/dgc-1812349/mot-nganh-co-co-hoi-nhan-hang-ty-usd-do-vao-so-doanh-nghiep-viet-nam-lien-quan-tren-san-chung-khoan-dem-tren-dau-ngon-tay-gia-co-phieu-bat-tang-manh.chn,
2023-09-21 11:24:00,"Cổ phiếu đã tăng 90% chỉ sau 4 tháng, đối mặt với một rủi ro lớn, triển vọng tiếp theo của Hóa chất Đức Giang (DGC) ra sao?",https://cafef.vn/du-lieu/dgc-1811350/co-phieu-da-tang-90-chi-sau-4-thang-doi-mat-voi-mot-rui-ro-lon-trien-vong-tiep-theo-cua-hoa-chat-duc-giang-dgc-ra-sao.chn,
2023-09-21 11:22:00,"Động lực từ ngành công nghiệp bán dẫn hàng trăm tỷ USD, cổ phiếu doanh nghiệp sản xuất photpho vàng lớn nhất Châu Á lên đỉnh một năm",https://cafef.vn/du-lieu/dgc-1811344/dong-luc-tu-nganh-cong-nghiep-ban-dan-hang-tram-ty-usd-co-phieu-doanh-nghiep-san-xuat-photpho-vang-lon-nhat-chau-a-len-dinh-mot-nam.chn,
2023-09-14 19:51:00,"Đức Giang, Gemadept, Hải An, Thiên Long góp mặt trong danh sách DN có doanh thu dưới 1 tỷ USD tốt nhất châu Á của Forbes",https://cafef.vn/du-lieu/dgc-1803292/duc-giang-gemadept-hai-an-thien-long-gop-mat-trong-danh-sach-dn-co-doanh-thu-duoi-1-ty-usd-tot-nhat-chau-a-cua-forbes.chn,
2023-08-15 00:00:00,DGC: Giải trình chênh lệch LNST tại BCTC soát xét bán niên 2023 so với cùng kỳ năm trước,https://cafef.vn/du-lieu/dgc-1765886/dgc-giai-trinh-chenh-lech-lnst-tai-bctc-soat-xet-ban-nien-2023-so-voi-cung-ky-nam-truoc.chn,
2023-07-27 00:00:00,DGC: Báo cáo tình hình quản trị công ty 6 tháng đầu năm 2023,https://cafef.vn/du-lieu/dgc-777275/dgc-bao-cao-tinh-hinh-quan-tri-cong-ty-6-thang-dau-nam-2023.chn,
2023-07-26 07:35:00,Hoá chất Đức Giang (DGC): Lên kế hoạch lãi quý 3/2023 giảm gần 50% cùng kỳ,https://cafef.vn/du-lieu/dgc-774043/hoa-chat-duc-giang-dgc-len-ke-hoach-lai-quy-32023-giam-gan-50-cung-ky.chn,
2023-07-25 08:42:00,"Khai mở kho báu bô xít của Việt Nam: Đức Giang và Hòa Phát có cơ hội lớn nhất, hạn chế các “tay chơi” muốn bán quyền sở hữu mỏ sau khi nhận giấy phép?",https://cafef.vn/du-lieu/dgc-772741/khai-mo-kho-bau-bo-xit-cua-viet-nam-duc-giang-va-hoa-phat-co-co-hoi-lon-nhat-han-che-cac-tay-choi-muon-ban-quyen-so-huu-mo-sau-khi-nhan-giay-phep.chn,
2023-07-25 00:00:00,DGC: Nghị quyết HĐQT v/v thông qua kết quả SXKD quý 2/2023 và kế hoạch kinh doanh quý 3/2023,https://cafef.vn/du-lieu/dgc-774448/dgc-nghi-quyet-hdqt-vv-thong-qua-ket-qua-sxkd-quy-22023-va-ke-hoach-kinh-doanh-quy-32023.chn,
2023-07-24 00:00:00,DGC: CBTT mua thành công Công ty CP Phốt pho 6,https://cafef.vn/du-lieu/dgc-772180/dgc-cbtt-mua-thanh-cong-cong-ty-cp-phot-pho-6.chn,
2023-07-21 11:53:00,"Hoá chất Đức Giang (DGC) báo lãi quý 2 giảm quá nửa so với cùng kỳ, 60% tài sản đem gửi ngân hàng",https://cafef.vn/du-lieu/dgc-769060/hoa-chat-duc-giang-dgc-bao-lai-quy-2-giam-qua-nua-so-voi-cung-ky-60-tai-san-dem-gui-ngan-hang.chn,
2023-07-21 00:00:00,DGC: Giải trình chênh lệch lợi nhuận sau thuế quý 2/2023 so với quý 2/2022,https://cafef.vn/du-lieu/dgc-770069/dgc-giai-trinh-chenh-lech-loi-nhuan-sau-thue-quy-22023-so-voi-quy-22022.chn,
2023-06-05 18:31:00,Dragon Capital không còn là cổ đông lớn của Hóa chất Đức Giang,https://cafef.vn/du-lieu/dgc-220094/dragon-capital-khong-con-la-co-dong-lon-cua-hoa-chat-duc-giang.chn,
2023-06-05 15:16:00,DGC: Báo cáo thay đổi về sở hữu của nhóm nhà đầu tư nước ngoài có liên quan là cổ đông lớn,https://cafef.vn/du-lieu/dgc-220493/dgc-bao-cao-thay-doi-ve-so-huu-cua-nhom-nha-dau-tu-nuoc-ngoai-co-lien-quan-la-co-dong-lon.chn,
2023-05-10 00:07:00,"Đức Giang (DGC) lên kế hoạch lợi nhuận quý 2/2023 tiếp tục sụt giảm, thấp nhất gần 2 năm",https://cafef.vn/du-lieu/dgc-236522/duc-giang-dgc-len-ke-hoach-loi-nhuan-quy-22023-tiep-tuc-sut-giam-thap-nhat-gan-2-nam.chn,
2023-05-09 16:48:00,DGC: Nghị quyết HĐQT thông qua kết quả SXKD quý I/2023 và kế hoạch quý II/2023,https://cafef.vn/du-lieu/dgc-236849/dgc-nghi-quyet-hdqt-thong-qua-ket-qua-sxkd-quy-i2023-va-ke-hoach-quy-ii2023.chn,
2023-04-21 15:31:00,DGC: Giải trình BCTC quý 1/2023 so với cùng kỳ năm trước,https://cafef.vn/du-lieu/dgc-254615/dgc-giai-trinh-bctc-quy-12023-so-voi-cung-ky-nam-truoc.chn,
2023-04-21 14:30:00,"Đem 2/3 tài sản đi gửi ngân hàng, Hóa chất Đức Giang (DGC) báo lãi quý 1 giảm 45%",https://cafef.vn/du-lieu/dgc-254864/dem-23-tai-san-di-gui-ngan-hang-hoa-chat-duc-giang-dgc-bao-lai-quy-1-giam-45.chn,
2023-04-21 00:07:00,"Rủng rỉnh 9.000 tỷ tiền mặt sau siêu chu kỳ hàng hoá, Hóa chất Đức Giang (DGC) tận dụng suy thoái bung sức mua sắm",https://cafef.vn/du-lieu/dgc-255587/rung-rinh-9000-ty-tien-mat-sau-sieu-chu-ky-hang-hoa-hoa-chat-duc-giang-dgc-tan-dung-suy-thoai-bung-suc-mua-sam.chn,
2023-04-17 17:59:00,DGC: Báo cáo thay đổi về sở hữu của nhóm nhà đầu tư nước ngoài có liên quan là cổ đông lớn,https://cafef.vn/du-lieu/dgc-261680/dgc-bao-cao-thay-doi-ve-so-huu-cua-nhom-nha-dau-tu-nuoc-ngoai-co-lien-quan-la-co-dong-lon.chn,
2023-04-13 15:30:00,DGC: Nghị quyết HĐQT thông qua chủ trương mua 100% cổ phần của CTCP Phốt pho 6,https://cafef.vn/du-lieu/dgc-266867/dgc-nghi-quyet-hdqt-thong-qua-chu-truong-mua-100-co-phan-cua-ctcp-phot-pho-6.chn,
2023-04-13 14:47:00,"Hóa chất Đức Giang (DGC) chi 635 tỷ mua lại CTCP Phốt pho 6, nâng công suất sản xuất phốt pho vàng thêm gần 20%, cổ phiếu bùng nổ thanh khoản",https://cafef.vn/du-lieu/dgc-266972/hoa-chat-duc-giang-dgc-chi-635-ty-mua-lai-ctcp-phot-pho-6-nang-cong-suat-san-xuat-phot-pho-vang-them-gan-20-co-phieu-bung-no-thanh-khoan.chn,
2023-04-07 14:10:00,"DGC: 13.4.2023, ngày GDKHQ trả cổ tức còn lại năm 2021 (1.000 đ/cp)",https://cafef.vn/du-lieu/dgc-276623/dgc-1342023-ngay-gdkhq-tra-co-tuc-con-lai-nam-2021-1000-dcp.chn,
2023-03-31 18:05:00,DGC: Ngày ĐKCC thực hiện quyền nhận cổ tức còn lại năm 2022 bằng tiền,https://cafef.vn/du-lieu/dgc-288299/dgc-ngay-dkcc-thuc-hien-quyen-nhan-co-tuc-con-lai-nam-2022-bang-tien.chn,
2023-03-31 18:03:00,DGC: Nghị quyết HĐQT thông qua phương án chốt danh sách cổ đông trả cổ tức còn lại năm 2022,https://cafef.vn/du-lieu/dgc-288311/dgc-nghi-quyet-hdqt-thong-qua-phuong-an-chot-danh-sach-co-dong-tra-co-tuc-con-lai-nam-2022.chn,
2023-03-31 00:17:00,"Cùng ""bố làm Chủ tịch, con làm TGĐ"": Hòa Bình (HBC) đi đến nội chiến, Hóa chất Đức Giang ""bình chân như vại""",https://cafef.vn/du-lieu/dgc-290111/cung-bo-lam-chu-tich-con-lam-tgd-hoa-binh-hbc-di-den-noi-chien-hoa-chat-duc-giang-binh-chan-nhu-vai.chn,
2023-03-30 16:04:00,DGC: Nghị quyết và biên bản họp ĐHĐCĐ thường niên 2023,https://cafef.vn/du-lieu/dgc-291011/dgc-nghi-quyet-va-bien-ban-hop-dhdcd-thuong-nien-2023.chn,
2023-03-29 13:32:00,"1 cổ đông ""bị kẹp"" DGC giá 140.000 đồng đề nghị Chủ tịch mua vào, ông Đào Hữu Huyền: ""Lúc giá thấp tôi có mua cổ phiếu, và hiện tại tôi đang lỗ""",https://cafef.vn/du-lieu/dgc-293519/1-co-dong-bi-kep-dgc-gia-140000-dong-de-nghi-chu-tich-mua-vao-ong-dao-huu-huyen-luc-gia-thap-toi-co-mua-co-phieu-va-hien-tai-toi-dang-lo.chn,
2023-03-29 09:55:00,"ĐHCĐ DGC: Nâng tỷ lệ chia cổ tức lên 40%, tham vọng sản xuất pin lithium cho xe điện, tiết lộ tiến độ hợp tác với VinFast",https://cafef.vn/du-lieu/dgc-293978/dhcd-dgc-nang-ty-le-chia-co-tuc-len-40-tham-vong-san-xuat-pin-lithium-cho-xe-dien-tiet-lo-tien-do-hop-tac-voi-vinfast.chn,
2023-03-24 14:48:00,DGC: Thực hiện mua thành công 51% cổ phần của Công ty CP Ắc quy Tia Sáng,https://cafef.vn/du-lieu/dgc-299936/dgc-thuc-hien-mua-thanh-cong-51-co-phan-cua-cong-ty-cp-ac-quy-tia-sang.chn,
2023-03-15 14:41:00,Hóa chất Đức Giang sắp nhận chuyển nhượng gần 46% vốn một công ty ắc quy từ con dâu Chủ tịch,https://cafef.vn/du-lieu/dgc-306092/hoa-chat-duc-giang-sap-nhan-chuyen-nhuong-gan-46-von-mot-cong-ty-ac-quy-tu-con-dau-chu-tich.chn,
2023-03-15 14:41:00,DGC: Báo cáo thay đổi về sở hữu của nhóm nhà đầu tư nước ngoài,https://cafef.vn/du-lieu/dgc-306095/dgc-bao-cao-thay-doi-ve-so-huu-cua-nhom-nha-dau-tu-nuoc-ngoai.chn,
2023-03-14 16:40:00,DGC: Nghị quyết HĐQT v/v thông qua giao dịch mua bán cổ phiếu TSB với người có liên quan,https://cafef.vn/du-lieu/dgc-306713/dgc-nghi-quyet-hdqt-vv-thong-qua-giao-dich-mua-ban-co-phieu-tsb-voi-nguoi-co-lien-quan.chn,
2023-03-06 11:17:00,"Dự báo nhiều thách thức, Hóa Chất Đức Giang (DGC) lên kế hoạch lợi nhuận 2023 giảm một nửa, cổ tức duy trì ở mức 30%",https://cafef.vn/du-lieu/dgc-312581/du-bao-nhieu-thach-thuc-hoa-chat-duc-giang-dgc-len-ke-hoach-loi-nhuan-2023-giam-mot-nua-co-tuc-duy-tri-o-muc-30.chn,
2023-03-06 11:10:00,"DGC: Nghị quyết HĐQT về tài liệu họp, thông báo mời họp, đường link tài liệu họp ĐHĐCĐ TN 2023",https://cafef.vn/du-lieu/dgc-312584/dgc-nghi-quyet-hdqt-ve-tai-lieu-hop-thong-bao-moi-hop-duong-link-tai-lieu-hop-dhdcd-tn-2023.chn,
2023-03-06 11:10:00,"DGC: Nghị quyết HĐQT thông qua hồ sơ họp, thông báo họp và link tài liệu họp ĐHĐCĐ thường niên 2023",https://cafef.vn/du-lieu/dgc-312587/dgc-nghi-quyet-hdqt-thong-qua-ho-so-hop-thong-bao-hop-va-link-tai-lieu-hop-dhdcd-thuong-nien-2023.chn,
2023-03-01 09:28:00,"Hàng chục nghìn tỷ cổ tức tiền mặt chuẩn bị ""đổ bộ"" vào tài khoản cổ đông Đức Giang, Kido, Vinamilk, Nova Consumer... và các ngân hàng",https://cafef.vn/du-lieu/dgc-315557/hang-chuc-nghin-ty-co-tuc-tien-mat-chuan-bi-do-bo-vao-tai-khoan-co-dong-duc-giang-kido-vinamilk-nova-consumer-va-cac-ngan-hang.chn,
2023-02-28 16:04:00,DGC: Giải trình BCTC kiểm toán năm 2022,https://cafef.vn/du-lieu/dgc-316085/dgc-giai-trinh-bctc-kiem-toan-nam-2022.chn,
2023-02-28 11:15:00,DGC: Báo cáo thay đổi về sở hữu của nhóm nhà đầu tư nước ngoài,https://cafef.vn/du-lieu/dgc-316319/dgc-bao-cao-thay-doi-ve-so-huu-cua-nhom-nha-dau-tu-nuoc-ngoai.chn,
2023-02-06 16:12:00,"DGC: 23.2.2023, ngày GDKHQ tham dự ĐHCĐ thường niên năm 2023",https://cafef.vn/du-lieu/dgc-327101/dgc-2322023-ngay-gdkhq-tham-du-dhcd-thuong-nien-nam-2023.chn,
2023-02-06 00:11:00,"Top DN nhiều tiền, trả hết nợ vẫn còn hơn chục nghìn tỷ: Một công ty BĐS giá cổ phiếu chưa đầy 7.500 đồng, tiền ròng đem chia cho mỗi cổ phần nhận tới 6.400 đồng",https://cafef.vn/du-lieu/dgc-327389/top-dn-nhieu-tien-tra-het-no-van-con-hon-chuc-nghin-ty-mot-cong-ty-bds-gia-co-phieu-chua-day-7500-dong-tien-rong-dem-chia-cho-moi-co-phan-nhan-toi-6400-dong.chn,
2023-02-04 00:05:00,Lộ diện quán quân EPS trên sàn chứng khoán,https://cafef.vn/du-lieu/dgc-327500/lo-dien-quan-quan-eps-tren-san-chung-khoan.chn,
2023-02-03 14:44:00,"Cổ phiếu TSB tăng hơn 300% trong 1 tháng: Hoá chất Đức Giang (DGC) chính thức lộ diện “thâu tóm” 51% vốn, giá mua không quá 39.200 đồng/cp",https://cafef.vn/du-lieu/dgc-327956/co-phieu-tsb-tang-hon-300-trong-1-thang-hoa-chat-duc-giang-dgc-chinh-thuc-lo-dien-thau-tom-51-von-gia-mua-khong-qua-39200-dongcp.chn,
2023-02-02 21:08:00,"Sau một năm thăng hoa, Hóa chất Đức Giang (DGC) đặt kế hoạch lãi quý I/2023 giảm 54% so với cùng kỳ, đi lùi 3 quý liên tiếp",https://cafef.vn/du-lieu/dgc-328178/sau-mot-nam-thang-hoa-hoa-chat-duc-giang-dgc-dat-ke-hoach-lai-quy-i2023-giam-54-so-voi-cung-ky-di-lui-3-quy-lien-tiep.chn,
2023-02-02 14:41:00,DGC: Ngày ĐKCC để thực hiện quyền tham dự ĐHCĐ thường niên năm 2023,https://cafef.vn/du-lieu/dgc-328667/dgc-ngay-dkcc-de-thuc-hien-quyen-tham-du-dhcd-thuong-nien-nam-2023.chn,
2023-02-02 14:39:00,DGC: Nghị quyết HĐQT v/v chốt danh sách cổ đông để tổ chức ĐHĐCĐ thường niên cho năm 2023,https://cafef.vn/du-lieu/dgc-328673/dgc-nghi-quyet-hdqt-vv-chot-danh-sach-co-dong-de-to-chuc-dhdcd-thuong-nien-cho-nam-2023.chn,
2023-02-02 14:38:00,DGC: Nghị quyết HĐQT v/v thông qua kết quả SXKD quý 4/2022 và kế hoạch kinh doanh quý 1/2023,https://cafef.vn/du-lieu/dgc-328676/dgc-nghi-quyet-hdqt-vv-thong-qua-ket-qua-sxkd-quy-42022-va-ke-hoach-kinh-doanh-quy-12023.chn,
2023-02-02 14:36:00,DGC: Nghị quyết HĐQT v/v mua cổ phần của CTCP Ắc quy Tia sáng,https://cafef.vn/du-lieu/dgc-328682/dgc-nghi-quyet-hdqt-vv-mua-co-phan-cua-ctcp-ac-quy-tia-sang.chn,
2023-01-30 11:15:00,DGC: Báo cáo tình hình quản trị công ty năm 2022,https://cafef.vn/du-lieu/dgc-332867/dgc-bao-cao-tinh-hinh-quan-tri-cong-ty-nam-2022.chn,
2023-01-18 16:58:00,"Hoá chất Đức Giang (DGC): Quý 4 tăng trưởng âm, cả năm 2022 vẫn đạt kỷ lục với 6.375 tỷ đồng lợi nhuận trước thuế, EPS đạt 38.000 đồng",https://cafef.vn/du-lieu/dgc-335717/hoa-chat-duc-giang-dgc-quy-4-tang-truong-am-ca-nam-2022-van-dat-ky-luc-voi-6375-ty-dong-loi-nhuan-truoc-thue-eps-dat-38000-dong.chn,
2023-01-18 15:40:00,DGC: Giải trình chênh lệch lợi nhuận sau thuế quý 4/2022 so với quý 4/2021,https://cafef.vn/du-lieu/dgc-335951/dgc-giai-trinh-chenh-lech-loi-nhuan-sau-thue-quy-42022-so-voi-quy-42021.chn,
2023-01-17 18:06:00,DGC: Báo cáo thay đổi về sở hữu của nhóm nhà đầu tư nước ngoài có liên quan là cổ đông lớn,https://cafef.vn/du-lieu/dgc-336467/dgc-bao-cao-thay-doi-ve-so-huu-cua-nhom-nha-dau-tu-nuoc-ngoai-co-lien-quan-la-co-dong-lon.chn,
2023-01-13 00:09:00,"Cổ phiếu TSB tăng hơn 200% trong 1 tháng: Hóa Chất Đức Giang (DGC) ""nhảy vào"" công ty Ắc quy Tia sáng khi Vinachem thoái vốn?",https://cafef.vn/du-lieu/dgc-338996/co-phieu-tsb-tang-hon-200-trong-1-thang-hoa-chat-duc-giang-dgc-nhay-vao-cong-ty-ac-quy-tia-sang-khi-vinachem-thoai-von.chn,
2022-12-30 14:20:00,"Nhóm Dragon Capital mua ròng 7,7 triệu cổ phiếu Hóa chất Đức Giang (DGC) trong tháng 12",https://cafef.vn/du-lieu/dgc-344615/nhom-dragon-capital-mua-rong-77-trieu-co-phieu-hoa-chat-duc-giang-dgc-trong-thang-12.chn,
2022-12-30 13:43:00,DGC: Báo cáo thay đổi về sở hữu của nhóm nhà đầu tư nước ngoài,https://cafef.vn/du-lieu/dgc-344690/dgc-bao-cao-thay-doi-ve-so-huu-cua-nhom-nha-dau-tu-nuoc-ngoai.chn,
2022-12-26 00:14:00,"Bí mật của Hóa chất Đức Giang: Làm thế nào để dù thị trường có sập, mình vẫn có lãi?",https://cafef.vn/du-lieu/dgc-347546/bi-mat-cua-hoa-chat-duc-giang-lam-the-nao-de-du-thi-truong-co-sap-minh-van-co-lai.chn,
2022-12-20 11:28:00,"Nhiều doanh nghiệp chốt danh sách, chi hàng trăm tỷ trả cổ tức bằng tiền mặt trong tuần này, 2 DN dẫn đầu trả cổ tức tỷ lệ 100% và 60%",https://cafef.vn/du-lieu/dgc-349883/nhieu-doanh-nghiep-chot-danh-sach-chi-hang-tram-ty-tra-co-tuc-bang-tien-mat-trong-tuan-nay-2-dn-dan-dau-tra-co-tuc-ty-le-100-va-60.chn,
2022-12-16 17:37:00,DGC: Báo cáo thay đổi về sở hữu của nhóm NĐTNN có liên quan là cổ đông lớn,https://cafef.vn/du-lieu/dgc-350768/dgc-bao-cao-thay-doi-ve-so-huu-cua-nhom-ndtnn-co-lien-quan-la-co-dong-lon.chn,
2022-12-14 15:38:00,"Thị giá tăng mạnh từ đáy, Dragon Capital tiếp tục mua gom 2 cổ phiếu hóa chất và bán lẻ",https://cafef.vn/du-lieu/dgc-352160/thi-gia-tang-manh-tu-day-dragon-capital-tiep-tuc-mua-gom-2-co-phieu-hoa-chat-va-ban-le.chn,
2022-12-14 14:37:00,DGC: Báo cáo thay đổi về sở hữu của nhóm nhà đầu tư nước ngoài,https://cafef.vn/du-lieu/dgc-352217/dgc-bao-cao-thay-doi-ve-so-huu-cua-nhom-nha-dau-tu-nuoc-ngoai.chn,
2022-12-07 10:02:00,"DGC: 19.12.2022, ngày GDKHQ tạm ứng cổ tức năm 2022 (3.000 đ/cp)",https://cafef.vn/du-lieu/dgc-355100/dgc-19122022-ngay-gdkhq-tam-ung-co-tuc-nam-2022-3000-dcp.chn,
2022-11-30 16:40:00,DGC: Báo cáo thay đổi về sở hữu của nhóm nhà đầu tư nước ngoài,https://cafef.vn/du-lieu/dgc-358112/dgc-bao-cao-thay-doi-ve-so-huu-cua-nhom-nha-dau-tu-nuoc-ngoai.chn,
2022-11-28 11:12:00,DGC: Báo cáo thay đổi về sở hữu của nhóm nhà đầu tư nước ngoài có liên quan là cổ đông lớn,https://cafef.vn/du-lieu/dgc-359588/dgc-bao-cao-thay-doi-ve-so-huu-cua-nhom-nha-dau-tu-nuoc-ngoai-co-lien-quan-la-co-dong-lon.chn,
2022-11-23 17:04:00,DGC: Báo cáo thay đổi về sở hữu của nhóm NĐTNN có liên quan là cổ đông lớn 22/11/2022,https://cafef.vn/du-lieu/dgc-361214/dgc-bao-cao-thay-doi-ve-so-huu-cua-nhom-ndtnn-co-lien-quan-la-co-dong-lon-22112022.chn,
2022-11-23 17:00:00,DGC: Báo cáo thay đổi về sở hữu của nhóm NĐTNN có liên quan là cổ đông lớn 23/11/2022,https://cafef.vn/du-lieu/dgc-361220/dgc-bao-cao-thay-doi-ve-so-huu-cua-nhom-ndtnn-co-lien-quan-la-co-dong-lon-23112022.chn,
2022-11-23 09:33:00,Doanh nghiệp dồn dập trả cổ tức tiền mặt trong tháng cuối cùng của năm 2022,https://cafef.vn/du-lieu/dgc-361619/doanh-nghiep-don-dap-tra-co-tuc-tien-mat-trong-thang-cuoi-cung-cua-nam-2022.chn,
2022-11-21 16:39:00,DGC: Đính chính nội dung Nghị quyết HĐQT số 17 ngày 16/11/2022,https://cafef.vn/du-lieu/dgc-362420/dgc-dinh-chinh-noi-dung-nghi-quyet-hdqt-so-17-ngay-16112022.chn,
2022-11-21 16:37:00,DGC: Ngày ĐKCC để thực hiện quyền nhận tạm ứng cổ tức năm 2022 bằng tiền,https://cafef.vn/du-lieu/dgc-362426/dgc-ngay-dkcc-de-thuc-hien-quyen-nhan-tam-ung-co-tuc-nam-2022-bang-tien.chn,
2022-11-21 16:34:00,DGC: Ông Đào Hữu Huyền - CT.HĐQT đã mua 1.000.000 cp,https://cafef.vn/du-lieu/dgc-362441/dgc-ong-dao-huu-huyen-cthdqt-da-mua-1000000-cp.chn,
2022-11-17 00:10:00,"Chủ tịch Hóa chất Đức Giang (DGC) dự chi 57 tỷ đồng để ""cứu"" giá cổ phiếu, công ty ""bù"" lại bằng hơn 200 tỷ tiền cổ tức",https://cafef.vn/du-lieu/dgc-364061/chu-tich-hoa-chat-duc-giang-dgc-du-chi-57-ty-dong-de-cuu-gia-co-phieu-cong-ty-bu-lai-bang-hon-200-ty-tien-co-tuc.chn,
2022-11-16 17:55:00,DGC: Nghị quyết HĐQT thông qua hợp đồng hợp tác kinh doanh,https://cafef.vn/du-lieu/dgc-364184/dgc-nghi-quyet-hdqt-thong-qua-hop-dong-hop-tac-kinh-doanh.chn,
2022-11-16 17:51:00,DGC: Nghị quyết HĐQT thông qua trả cổ tức bằng tiền năm 2022,https://cafef.vn/du-lieu/dgc-364214/dgc-nghi-quyet-hdqt-thong-qua-tra-co-tuc-bang-tien-nam-2022.chn,
2022-11-16 17:50:00,DGC: Ngày ĐKCC để thực hiện quyền nhận cổ tức năm 2022 bằng tiền,https://cafef.vn/du-lieu/dgc-364232/dgc-ngay-dkcc-de-thuc-hien-quyen-nhan-co-tuc-nam-2022-bang-tien.chn,
2022-11-16 11:59:00,"Chủ tịch Hoá chất Đức Giang viết tâm thư cho cổ đông: Chưa bao giờ DGC sập sàn 5 phiên liên tiếp, điều bất thường này lại xảy ra ngay năm chỉ số kinh doanh cao nhất",https://cafef.vn/du-lieu/dgc-364535/chu-tich-hoa-chat-duc-giang-viet-tam-thu-cho-co-dong-chua-bao-gio-dgc-sap-san-5-phien-lien-tiep-dieu-bat-thuong-nay-lai-xay-ra-ngay-nam-chi-so-kinh-doanh-cao-nhat.chn,
2022-11-15 14:13:00,DGC: Báo cáo thay đổi về sở hữu của nhóm nhà đầu tư nước ngoài,https://cafef.vn/du-lieu/dgc-365036/dgc-bao-cao-thay-doi-ve-so-huu-cua-nhom-nha-dau-tu-nuoc-ngoai.chn,
2022-11-14 15:42:00,"Cổ phiếu Hóa chất Đức Giang (DGC) rơi xuống đáy 14 tháng, Chủ tịch Đào Hữu Huyền muốn tăng sở hữu",https://cafef.vn/du-lieu/dgc-365645/co-phieu-hoa-chat-duc-giang-dgc-roi-xuong-day-14-thang-chu-tich-dao-huu-huyen-muon-tang-so-huu.chn,
2022-11-14 14:20:00,DGC: Ông Đào Hữu Huyền - CT.HĐQT đăng ký mua 1.000.000 cp,https://cafef.vn/du-lieu/dgc-365711/dgc-ong-dao-huu-huyen-cthdqt-dang-ky-mua-1000000-cp.chn,
2022-11-13 08:18:00,"Hóa chất Đức Giang (DGC) dự kiến giảm giá bán và sản lượng xuất khẩu phốt pho vàng do nhu cầu điện tử sụt giảm mạnh, dự án Nghi Sơn chậm tiến độ",https://cafef.vn/du-lieu/dgc-365987/hoa-chat-duc-giang-dgc-du-kien-giam-gia-ban-va-san-luong-xuat-khau-phot-pho-vang-do-nhu-cau-dien-tu-sut-giam-manh-du-an-nghi-son-cham-tien-do.chn,
2022-10-26 17:04:00,"DGC: 23.9.2025, giao dịch 8.537.213 cp niêm yết bổ sung",https://cafef.vn/du-lieu/dgc-374753/dgc-2392025-giao-dich-8537213-cp-niem-yet-bo-sung.chn,
2022-10-25 10:24:00,"DGC: 26.10.2022, niêm yết bổ sung 8.537.213 cp",https://cafef.vn/du-lieu/dgc-375854/dgc-26102022-niem-yet-bo-sung-8537213-cp.chn,
2022-10-24 14:09:00,DGC: Nghị quyết HĐQT thông qua KQSXKD quý 03/2022 và kế hoạch quý 04/2022,https://cafef.vn/du-lieu/dgc-376496/dgc-nghi-quyet-hdqt-thong-qua-kqsxkd-quy-032022-va-ke-hoach-quy-042022.chn,
2022-10-19 17:10:00,DGC: Giải trình chênh lệch LNST quý 3/2022 so với cùng kỳ năm trước,https://cafef.vn/du-lieu/dgc-379154/dgc-giai-trinh-chenh-lech-lnst-quy-32022-so-voi-cung-ky-nam-truoc.chn,
2022-10-19 16:27:00,"Hoá chất Đức Giang (DGC) lãi hơn 4.900 tỷ đồng sau 9 tháng, gấp 4 lần cùng kỳ, vượt 50% kế hoạch lợi nhuận cả năm",https://cafef.vn/du-lieu/dgc-379178/hoa-chat-duc-giang-dgc-lai-hon-4900-ty-dong-sau-9-thang-gap-4-lan-cung-ky-vuot-50-ke-hoach-loi-nhuan-ca-nam.chn,
2022-10-18 14:39:00,DGC: Báo cáo thay đổi về sở hữu của nhóm nhà đầu tư nước ngoài có liên quan là cổ đông lớn,https://cafef.vn/du-lieu/dgc-379898/dgc-bao-cao-thay-doi-ve-so-huu-cua-nhom-nha-dau-tu-nuoc-ngoai-co-lien-quan-la-co-dong-lon.chn,
2022-10-14 16:00:00,"Thị giá phục hồi từ đáy 8 tháng, Dragon Capital vừa chi hàng chục tỷ mua vào cổ phiếu DGC",https://cafef.vn/du-lieu/dgc-381299/thi-gia-phuc-hoi-tu-day-8-thang-dragon-capital-vua-chi-hang-chuc-ty-mua-vao-co-phieu-dgc.chn,
2022-10-14 11:15:00,DGC: Báo cáo thay đổi về sở hữu của nhóm NĐTNN,https://cafef.vn/du-lieu/dgc-381383/dgc-bao-cao-thay-doi-ve-so-huu-cua-nhom-ndtnn.chn,
2022-10-10 15:03:00,DGC: Giấy chứng nhận đăng ký doanh nghiệp thay đổi lần thứ 22,https://cafef.vn/du-lieu/dgc-383597/dgc-giay-chung-nhan-dang-ky-doanh-nghiep-thay-doi-lan-thu-22.chn,
2022-10-10 15:00:00,DGC: Điều lệ công ty sửa đổi,https://cafef.vn/du-lieu/dgc-383603/dgc-dieu-le-cong-ty-sua-doi.chn,
2022-10-04 10:02:00,DGC: Nhắc nhở chậm CBTT thay đổi số lượng cổ phiếu có quyền biểu quyết,https://cafef.vn/du-lieu/dgc-386336/dgc-nhac-nho-cham-cbtt-thay-doi-so-luong-co-phieu-co-quyen-bieu-quyet.chn,
2022-09-30 16:39:00,"Thị trường “quay xe” ngoạn mục, nhiều cổ phiếu bất ngờ đổi màu từ đỏ sang tím",https://cafef.vn/du-lieu/dgc-387590/thi-truong-quay-xe-ngoan-muc-nhieu-co-phieu-bat-ngo-doi-mau-tu-do-sang-tim.chn,
2022-09-29 17:06:00,DGC: Số lượng cổ phiếu có quyền biểu quyết đang lưu hành là 379.778.413 cp,https://cafef.vn/du-lieu/dgc-388136/dgc-so-luong-co-phieu-co-quyen-bieu-quyet-dang-luu-hanh-la-379778413-cp.chn,
2022-09-29 17:04:00,DGC: Đã phát hành 8.537.213 cp theo chương trình lựa chọn cho người lao động,https://cafef.vn/du-lieu/dgc-388139/dgc-da-phat-hanh-8537213-cp-theo-chuong-trinh-lua-chon-cho-nguoi-lao-dong.chn,
2022-09-20 19:06:00,"Khối ngoại đẩy mạnh bán ròng hơn 400 tỷ đồng trong phiên 20/9, CCQ FUEVFVND bị bán mạnh",https://cafef.vn/du-lieu/dgc-392333/khoi-ngoai-day-manh-ban-rong-hon-400-ty-dong-trong-phien-209-ccq-fuevfvnd-bi-ban-manh.chn,
2022-09-20 09:24:00,DGC: Nghị quyết HĐQT thông qua phương án xử lý cổ phiếu ESOP không đặt mua hết,https://cafef.vn/du-lieu/dgc-392897/dgc-nghi-quyet-hdqt-thong-qua-phuong-an-xu-ly-co-phieu-esop-khong-dat-mua-het.chn,
2022-09-16 10:59:00,"Chiếm 40% doanh thu của Hóa chất Đức Giang, photpho vàng tăng 35% trong 1 tháng",https://cafef.vn/du-lieu/dgc-394256/chiem-40-doanh-thu-cua-hoa-chat-duc-giang-photpho-vang-tang-35-trong-1-thang.chn,
2022-09-14 13:13:00,"Lập kỷ lục doanh thu và lãi vào quý 2, triển vọng kinh doanh của Hoá chất Đức Giang sẽ ra sao khi giá phốt pho đã giảm 15%?",https://cafef.vn/du-lieu/dgc-395342/lap-ky-luc-doanh-thu-va-lai-vao-quy-2-trien-vong-kinh-doanh-cua-hoa-chat-duc-giang-se-ra-sao-khi-gia-phot-pho-da-giam-15.chn,
2022-09-13 16:18:00,DGC: Báo cáo kết quả giao dịch mua cổ phiếu ESOP,https://cafef.vn/du-lieu/dgc-395708/dgc-bao-cao-ket-qua-giao-dich-mua-co-phieu-esop.chn,
2022-09-11 14:00:00,"Chênh lệch lớn trong mức lương CEO tại các DN tỷ đô Vingroup, Masan, FPT, Kinh Bắc, Đức Giang...",https://cafef.vn/du-lieu/dgc-396584/chenh-lech-lon-trong-muc-luong-ceo-tai-cac-dn-ty-do-vingroup-masan-fpt-kinh-bac-duc-giang.chn,
2022-08-26 16:08:00,DGC: Đính chính phụ lục báo cáo tình hình quản trị công ty năm 2021,https://cafef.vn/du-lieu/dgc-403679/dgc-dinh-chinh-phu-luc-bao-cao-tinh-hinh-quan-tri-cong-ty-nam-2021.chn,
2022-08-24 16:59:00,DGC: Đính chính phụ lục báo cáo tình hình quản trị công ty 6 tháng đầu năm 2022,https://cafef.vn/du-lieu/dgc-405002/dgc-dinh-chinh-phu-luc-bao-cao-tinh-hinh-quan-tri-cong-ty-6-thang-dau-nam-2022.chn,
2022-08-18 14:54:00,DGC: Báo cáo thay đổi về sở hữu của nhóm nhà đầu tư nước ngoài,https://cafef.vn/du-lieu/dgc-407942/dgc-bao-cao-thay-doi-ve-so-huu-cua-nhom-nha-dau-tu-nuoc-ngoai.chn,
2022-08-18 14:43:00,DGC: Nghị quyết HĐQT v/v giải tỏa cổ phiếu bị hạn chế chuyển nhượng trong đợt ESOP năm 2019,https://cafef.vn/du-lieu/dgc-407963/dgc-nghi-quyet-hdqt-vv-giai-toa-co-phieu-bi-han-che-chuyen-nhuong-trong-dot-esop-nam-2019.chn,
2022-08-16 14:23:00,DGC: Công bố lại BCTC Cty mẹ soát xét 6 tháng đầu năm 2022,https://cafef.vn/du-lieu/dgc-409427/dgc-cong-bo-lai-bctc-cty-me-soat-xet-6-thang-dau-nam-2022.chn,
2022-08-15 17:51:00,DGC: Giải trình chênh lệch BCTC soát xét bán niên năm 2022 so với cùng kỳ năm trước,https://cafef.vn/du-lieu/dgc-409706/dgc-giai-trinh-chenh-lech-bctc-soat-xet-ban-nien-nam-2022-so-voi-cung-ky-nam-truoc.chn,
2022-08-15 11:15:00,Những đồ thị tăng trưởng lợi nhuận ấn tượng nhất mùa báo cáo tài chính quý 2,https://cafef.vn/du-lieu/dgc-410288/nhung-do-thi-tang-truong-loi-nhuan-an-tuong-nhat-mua-bao-cao-tai-chinh-quy-2.chn,
2022-08-12 17:30:00,DGC: Bổ sung danh sách Người nội bộ và người có liên quan của Người nội bộ mua cổ phiếu ESOP,https://cafef.vn/du-lieu/dgc-410723/dgc-bo-sung-danh-sach-nguoi-noi-bo-va-nguoi-co-lien-quan-cua-nguoi-noi-bo-mua-co-phieu-esop.chn,
2022-08-11 17:34:00,DGC: Danh sách giao dịch quyền mua cổ phiếu ESOP của Người nội bộ và người có liên quan,https://cafef.vn/du-lieu/dgc-411506/dgc-danh-sach-giao-dich-quyen-mua-co-phieu-esop-cua-nguoi-noi-bo-va-nguoi-co-lien-quan.chn,
2022-08-11 17:03:00,DGC: Phát hành cổ phiếu theo chương trình lựa chọn cho người lao động trong công ty năm 2022,https://cafef.vn/du-lieu/dgc-411563/dgc-phat-hanh-co-phieu-theo-chuong-trinh-lua-chon-cho-nguoi-lao-dong-trong-cong-ty-nam-2022.chn,
2022-08-04 15:27:00,DGC: Giấy xác nhận thay đổi nội dung đăng ký doanh nghiệp,https://cafef.vn/du-lieu/dgc-415103/dgc-giay-xac-nhan-thay-doi-noi-dung-dang-ky-doanh-nghiep.chn,
2022-07-29 17:23:00,DGC: Báo cáo tình hình quản trị công ty 6 tháng đầu năm 2022,https://cafef.vn/du-lieu/dgc-420185/dgc-bao-cao-tinh-hinh-quan-tri-cong-ty-6-thang-dau-nam-2022.chn,
2022-07-28 16:52:00,DGC: Nghị quyết HĐQT v/v bổ sung nội dung Nghị quyết HĐQT số 11 ngày 11/07/2022,https://cafef.vn/du-lieu/dgc-421211/dgc-nghi-quyet-hdqt-vv-bo-sung-noi-dung-nghi-quyet-hdqt-so-11-ngay-11072022.chn,
2022-07-26 15:55:00,"DGC: Nghị quyết HĐQT thông qua kết quả SXKD quý 2/2022, 6 tháng đầu năm 2022",https://cafef.vn/du-lieu/dgc-423467/dgc-nghi-quyet-hdqt-thong-qua-ket-qua-sxkd-quy-22022-6-thang-dau-nam-2022.chn,
2022-07-21 16:45:00,DGC: Nghị quyết và Biên bản kiểm phiếu ĐHĐCĐ lấy ý kiến cổ đông bằng văn bản,https://cafef.vn/du-lieu/dgc-426344/dgc-nghi-quyet-va-bien-ban-kiem-phieu-dhdcd-lay-y-kien-co-dong-bang-van-ban.chn,
2022-07-19 17:28:00,DGC: Giải trình chênh lệch LNST quý 2/2022 so với cùng kỳ năm trước,https://cafef.vn/du-lieu/dgc-428267/dgc-giai-trinh-chenh-lech-lnst-quy-22022-so-voi-cung-ky-nam-truoc.chn,
2022-07-12 11:00:00,DGC: Nghị quyết HĐQT thông qua phương án phát hành cổ phiếu ESOP năm 2022,https://cafef.vn/du-lieu/dgc-432470/dgc-nghi-quyet-hdqt-thong-qua-phuong-an-phat-hanh-co-phieu-esop-nam-2022.chn,
2022-07-01 08:15:00,Thêm hơn 200 triệu cổ phiếu DGC giao dịch từ ngày 8/7,https://cafef.vn/du-lieu/dgc-438401/them-hon-200-trieu-co-phieu-dgc-giao-dich-tu-ngay-87.chn,
2022-06-30 16:48:00,DGC: Tài liệu lấy ý kiến cổ đông bằng văn bản,https://cafef.vn/du-lieu/dgc-438638/dgc-tai-lieu-lay-y-kien-co-dong-bang-van-ban.chn,
2022-06-30 14:10:00,"DGC: 8.7.2022, giao dịch 200.161.517 cp niêm yết bổ sung",https://cafef.vn/du-lieu/dgc-438911/dgc-872022-giao-dich-200161517-cp-niem-yet-bo-sung.chn,
2022-06-28 17:30:00,"DGC: 30.6.2022, niêm yết bổ sung 200.161.517 cp",https://cafef.vn/du-lieu/dgc-440267/dgc-3062022-niem-yet-bo-sung-200161517-cp.chn,
2022-06-24 17:07:00,DGC: Giấy chứng nhận đăng ký doanh nghiệp thay đổi lần thứ 21,https://cafef.vn/du-lieu/dgc-442589/dgc-giay-chung-nhan-dang-ky-doanh-nghiep-thay-doi-lan-thu-21.chn,
2022-06-24 17:06:00,DGC: Điều lệ công ty ban hành tháng 6/2022,https://cafef.vn/du-lieu/dgc-442601/dgc-dieu-le-cong-ty-ban-hanh-thang-62022.chn,
2022-06-20 15:33:00,CEO Hóa chất Đức Giang mua 17% lượng cổ phiếu DGC đăng ký,https://cafef.vn/du-lieu/dgc-445703/ceo-hoa-chat-duc-giang-mua-17-luong-co-phieu-dgc-dang-ky.chn,
2022-06-20 09:50:00,DGC: Ông Đào Hữu Duy Anh - TGĐ đã mua 172.900 cp,https://cafef.vn/du-lieu/dgc-445847/dgc-ong-dao-huu-duy-anh-tgd-da-mua-172900-cp.chn,
2022-06-14 23:02:00,"Lập kỷ lục doanh thu và lãi, 1 công ty trên sàn HOSE giúp nhân viên giàu lên cực nhanh nhờ nắm giữ cổ phiếu, hàng trăm người có ô tô mới trong năm 2021",https://cafef.vn/du-lieu/dgc-448022/lap-ky-luc-doanh-thu-va-lai-1-cong-ty-tren-san-hose-giup-nhan-vien-giau-len-cuc-nhanh-nho-nam-giu-co-phieu-hang-tram-nguoi-co-o-to-moi-trong-nam-2021.chn,
2022-06-09 17:24:00,DGC: Số lượng cổ phiếu có quyền biểu quyết đang lưu hành là 371.241.200 cp,https://cafef.vn/du-lieu/dgc-449978/dgc-so-luong-co-phieu-co-quyen-bieu-quyet-dang-luu-hanh-la-371241200-cp.chn,
2022-06-09 17:23:00,DGC: Đã phát hành 200.161.517 cổ phiếu để trả cổ tức năm 2021,https://cafef.vn/du-lieu/dgc-449981/dgc-da-phat-hanh-200161517-co-phieu-de-tra-co-tuc-nam-2021.chn,
2022-06-06 14:21:00,DGC: Ngày ĐKCC chốt DSCĐ lấy ý kiến cổ đông bằng văn bản,https://cafef.vn/du-lieu/dgc-452507/dgc-ngay-dkcc-chot-dscd-lay-y-kien-co-dong-bang-van-ban.chn,
2022-06-06 14:19:00,DGC: Nghị quyết HĐQT v/v lựa chọn đơn vị kiểm toán cho năm 2022,https://cafef.vn/du-lieu/dgc-452519/dgc-nghi-quyet-hdqt-vv-lua-chon-don-vi-kiem-toan-cho-nam-2022.chn,
2022-06-03 17:02:00,DGC: Bố vợ ông Nguyễn Văn Kiên - Trưởng BKS đã bán 3.000.000 cp,https://cafef.vn/du-lieu/dgc-453341/dgc-bo-vo-ong-nguyen-van-kien-truong-bks-da-ban-3000000-cp.chn,
2022-05-29 19:35:00,"Lịch chốt quyền cổ tức, cổ phiếu thưởng tuần 30/5 - 3/6",https://cafef.vn/du-lieu/dgc-456608/lich-chot-quyen-co-tuc-co-phieu-thuong-tuan-305-36.chn,
2022-05-27 09:56:00,"DGC: 3.6.2022, ngày GDKHQ chi trả cổ tức năm 2021 (tỷ lệ 100:117)",https://cafef.vn/du-lieu/dgc-457334/dgc-362022-ngay-gdkhq-chi-tra-co-tuc-nam-2021-ty-le-100117.chn,
2022-05-26 16:02:00,DGC: Bố vợ ông Nguyễn Văn Kiên - Trưởng BKS đăng ký bán 3.000.000 cp,https://cafef.vn/du-lieu/dgc-457727/dgc-bo-vo-ong-nguyen-van-kien-truong-bks-dang-ky-ban-3000000-cp.chn,
2022-05-23 20:53:00,Hóa chất Đức Giang chốt quyền trả cổ tức 2021 bằng cổ phiếu tỷ lệ 117%,https://cafef.vn/du-lieu/dgc-459608/hoa-chat-duc-giang-chot-quyen-tra-co-tuc-2021-bang-co-phieu-ty-le-117.chn,
2022-05-23 16:20:00,DGC: Phát hành cổ phiếu để trả cổ tức năm 2021,https://cafef.vn/du-lieu/dgc-459872/dgc-phat-hanh-co-phieu-de-tra-co-tuc-nam-2021.chn,
2022-05-23 16:20:00,DGC: Ngày ĐKCC để thực hiện quyền nhận cổ tức bằng cổ phiếu năm 2021,https://cafef.vn/du-lieu/dgc-459875/dgc-ngay-dkcc-de-thuc-hien-quyen-nhan-co-tuc-bang-co-phieu-nam-2021.chn,
2022-05-23 09:30:00,"Phục hồi nhanh gấp 3, 4 lần VN-Index, cổ phiếu phân bón có còn “cửa” tăng?",https://cafef.vn/du-lieu/dgc-460568/phuc-hoi-nhanh-gap-3-4-lan-vnindex-co-phieu-phan-bon-co-con-cua-tang.chn,
2022-05-13 14:46:00,CEO Hóa chất Đức Giang đăng ký mua 1 triệu cổ phiếu,https://cafef.vn/du-lieu/dgc-464579/ceo-hoa-chat-duc-giang-dang-ky-mua-1-trieu-co-phieu.chn,
2022-05-13 13:36:00,DGC: Ông Đào Hữu Duy Anh - TGĐ đăng ký mua 1.000.000 cp,https://cafef.vn/du-lieu/dgc-464597/dgc-ong-dao-huu-duy-anh-tgd-dang-ky-mua-1000000-cp.chn,
2022-05-05 17:01:00,DGC: Em trai ông Quách Kiều Hưng - Người phụ trách quản trị đã bán 200.000 cp,https://cafef.vn/du-lieu/dgc-470696/dgc-em-trai-ong-quach-kieu-hung-nguoi-phu-trach-quan-tri-da-ban-200000-cp.chn,
2022-05-04 16:57:00,DGC: Báo cáo thay đổi về sở hữu của nhóm nhà đầu tư nước ngoài,https://cafef.vn/du-lieu/dgc-472037/dgc-bao-cao-thay-doi-ve-so-huu-cua-nhom-nha-dau-tu-nuoc-ngoai.chn,
2022-04-25 17:44:00,"Doanh nghiệp ngành hóa chất, phân bón bùng nổ quý 1, lợi nhuận tăng bằng lần so với cùng kỳ 2021",https://cafef.vn/du-lieu/dgc-479696/doanh-nghiep-nganh-hoa-chat-phan-bon-bung-no-quy-1-loi-nhuan-tang-bang-lan-so-voi-cung-ky-2021.chn,
2022-04-22 15:50:00,Cổ phiếu các doanh nghiệp lãi lớn đua nhau giảm sàn,https://cafef.vn/du-lieu/dgc-482006/co-phieu-cac-doanh-nghiep-lai-lon-dua-nhau-giam-san.chn,
2022-04-22 09:07:00,Hóa chất Đức Giang (DGC) lên kế hoạch lợi nhuận quý 2 cao gấp gần 4 lần cùng kỳ,https://cafef.vn/du-lieu/dgc-482633/hoa-chat-duc-giang-dgc-len-ke-hoach-loi-nhuan-quy-2-cao-gap-gan-4-lan-cung-ky.chn,
2022-04-21 17:57:00,DGC: Nghị quyết HĐQT thông qua kết quả SXKD quý I/2022 và kế hoạch SXKD quý 2/2022,https://cafef.vn/du-lieu/dgc-482867/dgc-nghi-quyet-hdqt-thong-qua-ket-qua-sxkd-quy-i2022-va-ke-hoach-sxkd-quy-22022.chn,
2022-04-20 15:36:00,DGC: Giải trình chênh lệch lợi nhuận sau thuế quý 1/2022 so với quý 1/2021,https://cafef.vn/du-lieu/dgc-484505/dgc-giai-trinh-chenh-lech-loi-nhuan-sau-thue-quy-12022-so-voi-quy-12021.chn,
2022-04-20 08:09:00,"Cổ phiếu đầu ngành Hóa chất ngược dòng lập đỉnh mới, vốn hóa chạm ngưỡng 2 tỷ USD",https://cafef.vn/du-lieu/dgc-485264/co-phieu-dau-nganh-hoa-chat-nguoc-dong-lap-dinh-moi-von-hoa-cham-nguong-2-ty-usd.chn,
2022-04-14 17:58:00,Dragon Capital vừa chi gần trăm tỷ gom thêm cổ phiếu DGC trong phiên thị giá tăng kịch trần lên đỉnh mới,https://cafef.vn/du-lieu/dgc-488954/dragon-capital-vua-chi-gan-tram-ty-gom-them-co-phieu-dgc-trong-phien-thi-gia-tang-kich-tran-len-dinh-moi.chn,
2022-04-14 16:45:00,DGC: Báo cáo thay đổi về sở hữu của nhóm nhà đầu tư nước ngoài,https://cafef.vn/du-lieu/dgc-489119/dgc-bao-cao-thay-doi-ve-so-huu-cua-nhom-nha-dau-tu-nuoc-ngoai.chn,
2022-04-13 22:23:00,Hoá chất Đức Giang (DGC) thông qua phương án phát hành 200 triệu cổ phiếu trả cổ tức tỷ lệ 117%,https://cafef.vn/du-lieu/dgc-489845/hoa-chat-duc-giang-dgc-thong-qua-phuong-an-phat-hanh-200-trieu-co-phieu-tra-co-tuc-ty-le-117.chn,
2022-04-13 17:42:00,"Bất chấp thị trường rung lắc, loạt cổ phiếu cơ bản vẫn âm thầm vượt đỉnh",https://cafef.vn/du-lieu/dgc-489905/bat-chap-thi-truong-rung-lac-loat-co-phieu-co-ban-van-am-tham-vuot-dinh.chn,
2022-04-13 17:12:00,DGC: Nghị quyết HĐQT v/v phát hành cổ phiếu để trả cổ tức năm 2021 cho CĐHH,https://cafef.vn/du-lieu/dgc-490019/dgc-nghi-quyet-hdqt-vv-phat-hanh-co-phieu-de-tra-co-tuc-nam-2021-cho-cdhh.chn,
2022-04-05 09:23:00,"Mua thêm cổ phiếu vùng đỉnh, Dragon Capital trở thành cổ đông lớn của Hóa chất Đức Giang (DGC)",https://cafef.vn/du-lieu/dgc-496523/mua-them-co-phieu-vung-dinh-dragon-capital-tro-thanh-co-dong-lon-cua-hoa-chat-duc-giang-dgc.chn,
2022-04-04 17:33:00,DGC: Báo cáo về sở hữu của nhóm nhà đầu tư nước ngoài,https://cafef.vn/du-lieu/dgc-496850/dgc-bao-cao-ve-so-huu-cua-nhom-nha-dau-tu-nuoc-ngoai.chn,
2022-01-27 15:17:00,"DGC: 18.2.2022, ngày GDKHQ thực hiện quyền tham dự ĐHCĐ thường niên năm 2022",https://cafef.vn/du-lieu/dgc-505538/dgc-1822022-ngay-gdkhq-thuc-hien-quyen-tham-du-dhcd-thuong-nien-nam-2022.chn,
2022-01-25 16:39:00,DGC: Báo cáo tình hình quản trị công ty năm 2021,https://cafef.vn/du-lieu/dgc-507803/dgc-bao-cao-tinh-hinh-quan-tri-cong-ty-nam-2021.chn,
2022-01-21 17:19:00,DGC: Đính chính Nghị quyết HĐQT số 01 và tỷ lệ sở hữu nước ngoài tối đa,https://cafef.vn/du-lieu/dgc-510191/dgc-dinh-chinh-nghi-quyet-hdqt-so-01-va-ty-le-so-huu-nuoc-ngoai-toi-da.chn,
2022-01-19 17:01:00,"Hoá chất Đức Giang lãi kỷ lục 1.400 tỷ quý 4, EPS đã vượt 13.125 đồng/cổ phiếu",https://cafef.vn/du-lieu/dgc-512588/hoa-chat-duc-giang-lai-ky-luc-1400-ty-quy-4-eps-da-vuot-13125-dongco-phieu.chn,
2022-01-19 15:38:00,DGC: Nghị quyết HĐQT v/v chốt DSCĐ tổ chức họp ĐHĐCĐ thường niên 2022,https://cafef.vn/du-lieu/dgc-512825/dgc-nghi-quyet-hdqt-vv-chot-dscd-to-chuc-hop-dhdcd-thuong-nien-2022.chn,
2022-01-19 15:36:00,"DGC: Nghị quyết HĐQT thông qua kết quả SXKD quý 4/2021,kế hoạch kinh doanh quý 1/2022",https://cafef.vn/du-lieu/dgc-512828/dgc-nghi-quyet-hdqt-thong-qua-ket-qua-sxkd-quy-42021ke-hoach-kinh-doanh-quy-12022.chn,
2022-01-19 15:34:00,DGC: Giải trình chênh lệch lợi nhuận sau thuế quý 4/2021 so với quý 4/2020,https://cafef.vn/du-lieu/dgc-512831/dgc-giai-trinh-chenh-lech-loi-nhuan-sau-thue-quy-42021-so-voi-quy-42020.chn,
2022-01-19 15:33:00,DGC: Ngày ĐKCC để thực hiện quyền tham dự ĐHCĐ thường niên năm 2022,https://cafef.vn/du-lieu/dgc-512837/dgc-ngay-dkcc-de-thuc-hien-quyen-tham-du-dhcd-thuong-nien-nam-2022.chn,
2021-12-31 17:34:00,DGC: Giấy xác nhận thay đổi nội dung đăng ký doanh nghiệp,https://cafef.vn/du-lieu/dgc-521558/dgc-giay-xac-nhan-thay-doi-noi-dung-dang-ky-doanh-nghiep.chn,
2021-12-23 15:07:00,DGC: Bán tiếp cổ phần của DGC do Vinachem sở hữu,https://cafef.vn/du-lieu/dgc-526469/dgc-ban-tiep-co-phan-cua-dgc-do-vinachem-so-huu.chn,
2021-12-23 14:52:00,DGC: Tập đoàn Hóa chất Việt Nam đăng ký bán 6.039.090 cp,https://cafef.vn/du-lieu/dgc-526487/dgc-tap-doan-hoa-chat-viet-nam-dang-ky-ban-6039090-cp.chn,
2021-12-22 15:50:00,"DGC: 29.12.2021, ngày GDKHQ tạm ứng cổ tức năm 2021 (1.000 đ/cp)",https://cafef.vn/du-lieu/dgc-1265728/dgc-29122021-ngay-gdkhq-tam-ung-co-tuc-nam-2021-1000-dcp.chn,
2021-12-21 13:18:00,"Vinachem muốn thoái sạch vốn tại Hoá chất Đức Giang (DGC), dự thu gần 1.000 tỷ đồng",https://cafef.vn/du-lieu/dgc-1270006/vinachem-muon-thoai-sach-von-tai-hoa-chat-duc-giang-dgc-du-thu-gan-1000-ty-dong.chn,
2021-12-19 08:22:00,"Giá cả hàng hóa tiếp tục neo cao, đầu tư cổ phiếu nào để hưởng lợi?",https://cafef.vn/du-lieu/dgc-1275253/gia-ca-hang-hoa-tiep-tuc-neo-cao-dau-tu-co-phieu-nao-de-huong-loi.chn,
2021-12-17 15:08:00,DGC: Thay đổi ngày ĐKCC và ngày thanh toán tạm ứng cổ tứcnăm 2021 bằng tiền,https://cafef.vn/du-lieu/dgc-1279036/dgc-thay-doi-ngay-dkcc-va-ngay-thanh-toan-tam-ung-co-tucnam-2021-bang-tien.chn,
2021-12-17 07:44:00,Lịch chốt quyền nhận cổ tức bằng tiền của 7 doanh nghiệp,https://cafef.vn/du-lieu/dgc-1280329/lich-chot-quyen-nhan-co-tuc-bang-tien-cua-7-doanh-nghiep.chn,
2021-12-14 19:29:00,Hóa chất Đức Giang (DGC) chốt danh sách cổ đông tạm ứng cổ tức năm 2021 bằng tiền tỷ lệ 10%,https://cafef.vn/du-lieu/dgc-1286068/hoa-chat-duc-giang-dgc-chot-danh-sach-co-dong-tam-ung-co-tuc-nam-2021-bang-tien-ty-le-10.chn,
2021-12-14 14:29:00,DGC: Nghị quyết HĐQT v/v thông qua phương án chốt DSCĐ để tạm ứng cổ tức năm 2021 cho CĐHH,https://cafef.vn/du-lieu/dgc-1288291/dgc-nghi-quyet-hdqt-vv-thong-qua-phuong-an-chot-dscd-de-tam-ung-co-tuc-nam-2021-cho-cdhh.chn,
2021-12-14 14:28:00,DGC: Ngày ĐKCC thực hiện quyền nhận tạm ứng cổ tức năm 2021 bằng tiền,https://cafef.vn/du-lieu/dgc-1288366/dgc-ngay-dkcc-thuc-hien-quyen-nhan-tam-ung-co-tuc-nam-2021-bang-tien.chn,
2021-12-10 16:59:00,DGC: Nghị quyết và Biên bản ĐHĐCĐ bất thường năm 2021,https://cafef.vn/du-lieu/dgc-1297795/dgc-nghi-quyet-va-bien-ban-dhdcd-bat-thuong-nam-2021.chn,
2021-12-10 15:57:00,DGC: Tập đoàn Hóa chất VN đã bán 9.105.000 cp,https://cafef.vn/du-lieu/dgc-1299418/dgc-tap-doan-hoa-chat-vn-da-ban-9105000-cp.chn,
2021-12-10 13:18:00,Vinachem mới chỉ bán hơn 9 triệu cổ phiếu DGC trên tổng số 15 triệu đã đăng ký,https://cafef.vn/du-lieu/dgc-1294057/vinachem-moi-chi-ban-hon-9-trieu-co-phieu-dgc-tren-tong-so-15-trieu-da-dang-ky.chn,
2021-12-08 15:53:00,DGC: Thay đổi địa điểm tổ chức ĐHĐCĐ bất thường năm 2021,https://cafef.vn/du-lieu/dgc-1305181/dgc-thay-doi-dia-diem-to-chuc-dhdcd-bat-thuong-nam-2021.chn,
2021-11-30 23:03:00,"Những cổ phiếu có thị giá đắt đỏ nhất sàn chứng khoán diễn biến thế nào trong ""tháng VnIndex chạm 1.500 điểm""",https://cafef.vn/du-lieu/dgc-1326148/nhung-co-phieu-co-thi-gia-dat-do-nhat-san-chung-khoan-dien-bien-the-nao-trong-thang-vnindex-cham-1500-diem.chn,
